,File,Schema
0,yellow_2009-01.parquet,"[('vendor_name', 'string'), ('Trip_Pickup_DateTime', 'string'), ('Trip_Dropoff_DateTime', 'string'), ('Passenger_Count', 'bigint'), ('Trip_Distance', 'double'), ('Start_Lon', 'double'), ('Start_Lat', 'double'), ('Rate_Code', 'double'), ('store_and_forward', 'double'), ('End_Lon', 'double'), ('End_Lat', 'double'), ('Payment_Type', 'string'), ('Fare_Amt', 'double'), ('surcharge', 'double'), ('mta_tax', 'double'), ('Tip_Amt', 'double'), ('Tolls_Amt', 'double'), ('Total_Amt', 'double')]"
1,yellow_2009-02.parquet,"[('vendor_name', 'string'), ('Trip_Pickup_DateTime', 'string'), ('Trip_Dropoff_DateTime', 'string'), ('Passenger_Count', 'bigint'), ('Trip_Distance', 'double'), ('Start_Lon', 'double'), ('Start_Lat', 'double'), ('Rate_Code', 'double'), ('store_and_forward', 'double'), ('End_Lon', 'double'), ('End_Lat', 'double'), ('Payment_Type', 'string'), ('Fare_Amt', 'double'), ('surcharge', 'double'), ('mta_tax', 'double'), ('Tip_Amt', 'double'), ('Tolls_Amt', 'double'), ('Total_Amt', 'double')]"
2,yellow_2009-03.parquet,"[('vendor_name', 'string'), ('Trip_Pickup_DateTime', 'string'), ('Trip_Dropoff_DateTime', 'string'), ('Passenger_Count', 'bigint'), ('Trip_Distance', 'double'), ('Start_Lon', 'double'), ('Start_Lat', 'double'), ('Rate_Code', 'double'), ('store_and_forward', 'double'), ('End_Lon', 'double'), ('End_Lat', 'double'), ('Payment_Type', 'string'), ('Fare_Amt', 'double'), ('surcharge', 'double'), ('mta_tax', 'double'), ('Tip_Amt', 'double'), ('Tolls_Amt', 'double'), ('Total_Amt', 'double')]"
3,yellow_2009-04.parquet,"[('vendor_name', 'string'), ('Trip_Pickup_DateTime', 'string'), ('Trip_Dropoff_DateTime', 'string'), ('Passenger_Count', 'bigint'), ('Trip_Distance', 'double'), ('Start_Lon', 'double'), ('Start_Lat', 'double'), ('Rate_Code', 'double'), ('store_and_forward', 'double'), ('End_Lon', 'double'), ('End_Lat', 'double'), ('Payment_Type', 'string'), ('Fare_Amt', 'double'), ('surcharge', 'double'), ('mta_tax', 'double'), ('Tip_Amt', 'double'), ('Tolls_Amt', 'double'), ('Total_Amt', 'double')]"
4,yellow_2009-05.parquet,"[('vendor_name', 'string'), ('Trip_Pickup_DateTime', 'string'), ('Trip_Dropoff_DateTime', 'string'), ('Passenger_Count', 'bigint'), ('Trip_Distance', 'double'), ('Start_Lon', 'double'), ('Start_Lat', 'double'), ('Rate_Code', 'double'), ('store_and_forward', 'double'), ('End_Lon', 'double'), ('End_Lat', 'double'), ('Payment_Type', 'string'), ('Fare_Amt', 'double'), ('surcharge', 'double'), ('mta_tax', 'double'), ('Tip_Amt', 'double'), ('Tolls_Amt', 'double'), ('Total_Amt', 'double')]"
5,yellow_2009-06.parquet,"[('vendor_name', 'string'), ('Trip_Pickup_DateTime', 'string'), ('Trip_Dropoff_DateTime', 'string'), ('Passenger_Count', 'bigint'), ('Trip_Distance', 'double'), ('Start_Lon', 'double'), ('Start_Lat', 'double'), ('Rate_Code', 'double'), ('store_and_forward', 'double'), ('End_Lon', 'double'), ('End_Lat', 'double'), ('Payment_Type', 'string'), ('Fare_Amt', 'double'), ('surcharge', 'double'), ('mta_tax', 'double'), ('Tip_Amt', 'double'), ('Tolls_Amt', 'double'), ('Total_Amt', 'double')]"
6,yellow_2009-07.parquet,"[('vendor_name', 'string'), ('Trip_Pickup_DateTime', 'string'), ('Trip_Dropoff_DateTime', 'string'), ('Passenger_Count', 'bigint'), ('Trip_Distance', 'double'), ('Start_Lon', 'double'), ('Start_Lat', 'double'), ('Rate_Code', 'double'), ('store_and_forward', 'double'), ('End_Lon', 'double'), ('End_Lat', 'double'), ('Payment_Type', 'string'), ('Fare_Amt', 'double'), ('surcharge', 'double'), ('mta_tax', 'double'), ('Tip_Amt', 'double'), ('Tolls_Amt', 'double'), ('Total_Amt', 'double')]"
7,yellow_2009-08.parquet,"[('vendor_name', 'string'), ('Trip_Pickup_DateTime', 'string'), ('Trip_Dropoff_DateTime', 'string'), ('Passenger_Count', 'bigint'), ('Trip_Distance', 'double'), ('Start_Lon', 'double'), ('Start_Lat', 'double'), ('Rate_Code', 'double'), ('store_and_forward', 'double'), ('End_Lon', 'double'), ('End_Lat', 'double'), ('Payment_Type', 'string'), ('Fare_Amt', 'double'), ('surcharge', 'double'), ('mta_tax', 'double'), ('Tip_Amt', 'double'), ('Tolls_Amt', 'double'), ('Total_Amt', 'double')]"
8,yellow_2009-09.parquet,"[('vendor_name', 'string'), ('Trip_Pickup_DateTime', 'string'), ('Trip_Dropoff_DateTime', 'string'), ('Passenger_Count', 'bigint'), ('Trip_Distance', 'double'), ('Start_Lon', 'double'), ('Start_Lat', 'double'), ('Rate_Code', 'double'), ('store_and_forward', 'double'), ('End_Lon', 'double'), ('End_Lat', 'double'), ('Payment_Type', 'string'), ('Fare_Amt', 'double'), ('surcharge', 'double'), ('mta_tax', 'double'), ('Tip_Amt', 'double'), ('Tolls_Amt', 'double'), ('Total_Amt', 'double')]"
9,yellow_2009-10.parquet,"[('vendor_name', 'string'), ('Trip_Pickup_DateTime', 'string'), ('Trip_Dropoff_DateTime', 'string'), ('Passenger_Count', 'bigint'), ('Trip_Distance', 'double'), ('Start_Lon', 'double'), ('Start_Lat', 'double'), ('Rate_Code', 'double'), ('store_and_forward', 'double'), ('End_Lon', 'double'), ('End_Lat', 'double'), ('Payment_Type', 'string'), ('Fare_Amt', 'double'), ('surcharge', 'double'), ('mta_tax', 'double'), ('Tip_Amt', 'double'), ('Tolls_Amt', 'double'), ('Total_Amt', 'double')]"
10,yellow_2009-11.parquet,"[('vendor_name', 'string'), ('Trip_Pickup_DateTime', 'string'), ('Trip_Dropoff_DateTime', 'string'), ('Passenger_Count', 'bigint'), ('Trip_Distance', 'double'), ('Start_Lon', 'double'), ('Start_Lat', 'double'), ('Rate_Code', 'double'), ('store_and_forward', 'double'), ('End_Lon', 'double'), ('End_Lat', 'double'), ('Payment_Type', 'string'), ('Fare_Amt', 'double'), ('surcharge', 'double'), ('mta_tax', 'double'), ('Tip_Amt', 'double'), ('Tolls_Amt', 'double'), ('Total_Amt', 'double')]"
11,yellow_2009-12.parquet,"[('vendor_name', 'string'), ('Trip_Pickup_DateTime', 'string'), ('Trip_Dropoff_DateTime', 'string'), ('Passenger_Count', 'bigint'), ('Trip_Distance', 'double'), ('Start_Lon', 'double'), ('Start_Lat', 'double'), ('Rate_Code', 'double'), ('store_and_forward', 'double'), ('End_Lon', 'double'), ('End_Lat', 'double'), ('Payment_Type', 'string'), ('Fare_Amt', 'double'), ('surcharge', 'double'), ('mta_tax', 'double'), ('Tip_Amt', 'double'), ('Tolls_Amt', 'double'), ('Total_Amt', 'double')]"
12,yellow_2010-01.parquet,"[('vendor_id', 'string'), ('pickup_datetime', 'string'), ('dropoff_datetime', 'string'), ('passenger_count', 'bigint'), ('trip_distance', 'double'), ('pickup_longitude', 'double'), ('pickup_latitude', 'double'), ('rate_code', 'string'), ('store_and_fwd_flag', 'string'), ('dropoff_longitude', 'double'), ('dropoff_latitude', 'double'), ('payment_type', 'string'), ('fare_amount', 'double'), ('surcharge', 'double'), ('mta_tax', 'double'), ('tip_amount', 'double'), ('tolls_amount', 'double'), ('total_amount', 'double')]"
13,yellow_2010-02.parquet,"[('vendor_id', 'string'), ('pickup_datetime', 'string'), ('dropoff_datetime', 'string'), ('passenger_count', 'bigint'), ('trip_distance', 'double'), ('pickup_longitude', 'double'), ('pickup_latitude', 'double'), ('rate_code', 'bigint'), ('store_and_fwd_flag', 'string'), ('dropoff_longitude', 'double'), ('dropoff_latitude', 'double'), ('payment_type', 'string'), ('fare_amount', 'double'), ('surcharge', 'double'), ('mta_tax', 'double'), ('tip_amount', 'double'), ('tolls_amount', 'double'), ('total_amount', 'double'), ('__index_level_0__', 'bigint')]"
14,yellow_2010-03.parquet,"[('vendor_id', 'string'), ('pickup_datetime', 'string'), ('dropoff_datetime', 'string'), ('passenger_count', 'bigint'), ('trip_distance', 'double'), ('pickup_longitude', 'double'), ('pickup_latitude', 'double'), ('rate_code', 'bigint'), ('store_and_fwd_flag', 'string'), ('dropoff_longitude', 'double'), ('dropoff_latitude', 'double'), ('payment_type', 'string'), ('fare_amount', 'double'), ('surcharge', 'double'), ('mta_tax', 'double'), ('tip_amount', 'double'), ('tolls_amount', 'double'), ('total_amount', 'double'), ('__index_level_0__', 'bigint')]"
15,yellow_2010-04.parquet,"[('vendor_id', 'string'), ('pickup_datetime', 'string'), ('dropoff_datetime', 'string'), ('passenger_count', 'bigint'), ('trip_distance', 'double'), ('pickup_longitude', 'double'), ('pickup_latitude', 'double'), ('rate_code', 'string'), ('store_and_fwd_flag', 'string'), ('dropoff_longitude', 'double'), ('dropoff_latitude', 'double'), ('payment_type', 'string'), ('fare_amount', 'double'), ('surcharge', 'double'), ('mta_tax', 'double'), ('tip_amount', 'double'), ('tolls_amount', 'double'), ('total_amount', 'double')]"
16,yellow_2010-05.parquet,"[('vendor_id', 'string'), ('pickup_datetime', 'string'), ('dropoff_datetime', 'string'), ('passenger_count', 'bigint'), ('trip_distance', 'double'), ('pickup_longitude', 'double'), ('pickup_latitude', 'double'), ('rate_code', 'string'), ('store_and_fwd_flag', 'string'), ('dropoff_longitude', 'double'), ('dropoff_latitude', 'double'), ('payment_type', 'string'), ('fare_amount', 'double'), ('surcharge', 'double'), ('mta_tax', 'double'), ('tip_amount', 'double'), ('tolls_amount', 'double'), ('total_amount', 'double')]"
17,yellow_2010-06.parquet,"[('vendor_id', 'string'), ('pickup_datetime', 'string'), ('dropoff_datetime', 'string'), ('passenger_count', 'bigint'), ('trip_distance', 'double'), ('pickup_longitude', 'double'), ('pickup_latitude', 'double'), ('rate_code', 'string'), ('store_and_fwd_flag', 'string'), ('dropoff_longitude', 'double'), ('dropoff_latitude', 'double'), ('payment_type', 'string'), ('fare_amount', 'double'), ('surcharge', 'double'), ('mta_tax', 'double'), ('tip_amount', 'double'), ('tolls_amount', 'double'), ('total_amount', 'double')]"
18,yellow_2010-07.parquet,"[('vendor_id', 'string'), ('pickup_datetime', 'string'), ('dropoff_datetime', 'string'), ('passenger_count', 'bigint'), ('trip_distance', 'double'), ('pickup_longitude', 'double'), ('pickup_latitude', 'double'), ('rate_code', 'string'), ('store_and_fwd_flag', 'string'), ('dropoff_longitude', 'double'), ('dropoff_latitude', 'double'), ('payment_type', 'string'), ('fare_amount', 'double'), ('surcharge', 'double'), ('mta_tax', 'double'), ('tip_amount', 'double'), ('tolls_amount', 'double'), ('total_amount', 'double')]"
19,yellow_2010-08.parquet,"[('vendor_id', 'string'), ('pickup_datetime', 'string'), ('dropoff_datetime', 'string'), ('passenger_count', 'bigint'), ('trip_distance', 'double'), ('pickup_longitude', 'double'), ('pickup_latitude', 'double'), ('rate_code', 'string'), ('store_and_fwd_flag', 'string'), ('dropoff_longitude', 'double'), ('dropoff_latitude', 'double'), ('payment_type', 'string'), ('fare_amount', 'double'), ('surcharge', 'double'), ('mta_tax', 'double'), ('tip_amount', 'double'), ('tolls_amount', 'double'), ('total_amount', 'double')]"
20,yellow_2010-09.parquet,"[('vendor_id', 'string'), ('pickup_datetime', 'string'), ('dropoff_datetime', 'string'), ('passenger_count', 'bigint'), ('trip_distance', 'double'), ('pickup_longitude', 'double'), ('pickup_latitude', 'double'), ('rate_code', 'string'), ('store_and_fwd_flag', 'string'), ('dropoff_longitude', 'double'), ('dropoff_latitude', 'double'), ('payment_type', 'string'), ('fare_amount', 'double'), ('surcharge', 'double'), ('mta_tax', 'double'), ('tip_amount', 'double'), ('tolls_amount', 'double'), ('total_amount', 'double')]"
21,yellow_2010-10.parquet,"[('vendor_id', 'string'), ('pickup_datetime', 'string'), ('dropoff_datetime', 'string'), ('passenger_count', 'bigint'), ('trip_distance', 'double'), ('pickup_longitude', 'double'), ('pickup_latitude', 'double'), ('rate_code', 'string'), ('store_and_fwd_flag', 'string'), ('dropoff_longitude', 'double'), ('dropoff_latitude', 'double'), ('payment_type', 'string'), ('fare_amount', 'double'), ('surcharge', 'double'), ('mta_tax', 'double'), ('tip_amount', 'double'), ('tolls_amount', 'double'), ('total_amount', 'double')]"
22,yellow_2010-11.parquet,"[('vendor_id', 'string'), ('pickup_datetime', 'string'), ('dropoff_datetime', 'string'), ('passenger_count', 'bigint'), ('trip_distance', 'double'), ('pickup_longitude', 'double'), ('pickup_latitude', 'double'), ('rate_code', 'string'), ('store_and_fwd_flag', 'string'), ('dropoff_longitude', 'double'), ('dropoff_latitude', 'double'), ('payment_type', 'string'), ('fare_amount', 'double'), ('surcharge', 'double'), ('mta_tax', 'double'), ('tip_amount', 'double'), ('tolls_amount', 'double'), ('total_amount', 'double')]"
23,yellow_2010-12.parquet,"[('vendor_id', 'string'), ('pickup_datetime', 'string'), ('dropoff_datetime', 'string'), ('passenger_count', 'bigint'), ('trip_distance', 'double'), ('pickup_longitude', 'double'), ('pickup_latitude', 'double'), ('rate_code', 'string'), ('store_and_fwd_flag', 'string'), ('dropoff_longitude', 'double'), ('dropoff_latitude', 'double'), ('payment_type', 'string'), ('fare_amount', 'double'), ('surcharge', 'double'), ('mta_tax', 'double'), ('tip_amount', 'double'), ('tolls_amount', 'double'), ('total_amount', 'double')]"
24,yellow_2011-01.parquet,"[('VendorID', 'bigint'), ('tpep_pickup_datetime', 'timestamp'), ('tpep_dropoff_datetime', 'timestamp'), ('passenger_count', 'bigint'), ('trip_distance', 'double'), ('RatecodeID', 'bigint'), ('store_and_fwd_flag', 'string'), ('PULocationID', 'bigint'), ('DOLocationID', 'bigint'), ('payment_type', 'bigint'), ('fare_amount', 'double'), ('extra', 'double'), ('mta_tax', 'double'), ('tip_amount', 'double'), ('tolls_amount', 'double'), ('improvement_surcharge', 'double'), ('total_amount', 'double'), ('congestion_surcharge', 'double'), ('airport_fee', 'double')]"
25,yellow_2011-02.parquet,"[('VendorID', 'bigint'), ('tpep_pickup_datetime', 'timestamp'), ('tpep_dropoff_datetime', 'timestamp'), ('passenger_count', 'bigint'), ('trip_distance', 'double'), ('RatecodeID', 'bigint'), ('store_and_fwd_flag', 'string'), ('PULocationID', 'bigint'), ('DOLocationID', 'bigint'), ('payment_type', 'bigint'), ('fare_amount', 'double'), ('extra', 'double'), ('mta_tax', 'double'), ('tip_amount', 'double'), ('tolls_amount', 'double'), ('improvement_surcharge', 'double'), ('total_amount', 'double'), ('congestion_surcharge', 'int'), ('airport_fee', 'int')]"
26,yellow_2011-03.parquet,"[('VendorID', 'bigint'), ('tpep_pickup_datetime', 'timestamp'), ('tpep_dropoff_datetime', 'timestamp'), ('passenger_count', 'bigint'), ('trip_distance', 'double'), ('RatecodeID', 'bigint'), ('store_and_fwd_flag', 'string'), ('PULocationID', 'bigint'), ('DOLocationID', 'bigint'), ('payment_type', 'bigint'), ('fare_amount', 'double'), ('extra', 'double'), ('mta_tax', 'double'), ('tip_amount', 'double'), ('tolls_amount', 'double'), ('improvement_surcharge', 'double'), ('total_amount', 'double'), ('congestion_surcharge', 'double'), ('airport_fee', 'int')]"
27,yellow_2011-04.parquet,"[('VendorID', 'bigint'), ('tpep_pickup_datetime', 'timestamp'), ('tpep_dropoff_datetime', 'timestamp'), ('passenger_count', 'bigint'), ('trip_distance', 'double'), ('RatecodeID', 'bigint'), ('store_and_fwd_flag', 'string'), ('PULocationID', 'bigint'), ('DOLocationID', 'bigint'), ('payment_type', 'bigint'), ('fare_amount', 'double'), ('extra', 'double'), ('mta_tax', 'double'), ('tip_amount', 'double'), ('tolls_amount', 'double'), ('improvement_surcharge', 'double'), ('total_amount', 'double'), ('congestion_surcharge', 'int'), ('airport_fee', 'int')]"
28,yellow_2011-05.parquet,"[('VendorID', 'bigint'), ('tpep_pickup_datetime', 'timestamp'), ('tpep_dropoff_datetime', 'timestamp'), ('passenger_count', 'bigint'), ('trip_distance', 'double'), ('RatecodeID', 'bigint'), ('store_and_fwd_flag', 'string'), ('PULocationID', 'bigint'), ('DOLocationID', 'bigint'), ('payment_type', 'bigint'), ('fare_amount', 'double'), ('extra', 'double'), ('mta_tax', 'double'), ('tip_amount', 'double'), ('tolls_amount', 'double'), ('improvement_surcharge', 'double'), ('total_amount', 'double'), ('congestion_surcharge', 'int'), ('airport_fee', 'int')]"
29,yellow_2011-06.parquet,"[('VendorID', 'bigint'), ('tpep_pickup_datetime', 'timestamp'), ('tpep_dropoff_datetime', 'timestamp'), ('passenger_count', 'bigint'), ('trip_distance', 'double'), ('RatecodeID', 'bigint'), ('store_and_fwd_flag', 'string'), ('PULocationID', 'bigint'), ('DOLocationID', 'bigint'), ('payment_type', 'bigint'), ('fare_amount', 'double'), ('extra', 'double'), ('mta_tax', 'double'), ('tip_amount', 'double'), ('tolls_amount', 'double'), ('improvement_surcharge', 'double'), ('total_amount', 'double'), ('congestion_surcharge', 'int'), ('airport_fee', 'int')]"
30,yellow_2011-07.parquet,"[('VendorID', 'bigint'), ('tpep_pickup_datetime', 'timestamp'), ('tpep_dropoff_datetime', 'timestamp'), ('passenger_count', 'bigint'), ('trip_distance', 'double'), ('RatecodeID', 'bigint'), ('store_and_fwd_flag', 'string'), ('PULocationID', 'bigint'), ('DOLocationID', 'bigint'), ('payment_type', 'bigint'), ('fare_amount', 'double'), ('extra', 'double'), ('mta_tax', 'double'), ('tip_amount', 'double'), ('tolls_amount', 'double'), ('improvement_surcharge', 'double'), ('total_amount', 'double'), ('congestion_surcharge', 'int'), ('airport_fee', 'int')]"
31,yellow_2011-08.parquet,"[('VendorID', 'bigint'), ('tpep_pickup_datetime', 'timestamp'), ('tpep_dropoff_datetime', 'timestamp'), ('passenger_count', 'bigint'), ('trip_distance', 'double'), ('RatecodeID', 'bigint'), ('store_and_fwd_flag', 'string'), ('PULocationID', 'bigint'), ('DOLocationID', 'bigint'), ('payment_type', 'bigint'), ('fare_amount', 'double'), ('extra', 'double'), ('mta_tax', 'double'), ('tip_amount', 'double'), ('tolls_amount', 'double'), ('improvement_surcharge', 'double'), ('total_amount', 'double'), ('congestion_surcharge', 'int'), ('airport_fee', 'int')]"
32,yellow_2011-09.parquet,"[('VendorID', 'bigint'), ('tpep_pickup_datetime', 'timestamp'), ('tpep_dropoff_datetime', 'timestamp'), ('passenger_count', 'bigint'), ('trip_distance', 'double'), ('RatecodeID', 'bigint'), ('store_and_fwd_flag', 'string'), ('PULocationID', 'bigint'), ('DOLocationID', 'bigint'), ('payment_type', 'bigint'), ('fare_amount', 'double'), ('extra', 'double'), ('mta_tax', 'double'), ('tip_amount', 'double'), ('tolls_amount', 'double'), ('improvement_surcharge', 'double'), ('total_amount', 'double'), ('congestion_surcharge', 'int'), ('airport_fee', 'int')]"
33,yellow_2011-10.parquet,"[('VendorID', 'bigint'), ('tpep_pickup_datetime', 'timestamp'), ('tpep_dropoff_datetime', 'timestamp'), ('passenger_count', 'bigint'), ('trip_distance', 'double'), ('RatecodeID', 'bigint'), ('store_and_fwd_flag', 'string'), ('PULocationID', 'bigint'), ('DOLocationID', 'bigint'), ('payment_type', 'bigint'), ('fare_amount', 'double'), ('extra', 'double'), ('mta_tax', 'double'), ('tip_amount', 'double'), ('tolls_amount', 'double'), ('improvement_surcharge', 'double'), ('total_amount', 'double'), ('congestion_surcharge', 'int'), ('airport_fee', 'int')]"
34,yellow_2011-11.parquet,"[('VendorID', 'bigint'), ('tpep_pickup_datetime', 'timestamp'), ('tpep_dropoff_datetime', 'timestamp'), ('passenger_count', 'bigint'), ('trip_distance', 'double'), ('RatecodeID', 'bigint'), ('store_and_fwd_flag', 'string'), ('PULocationID', 'bigint'), ('DOLocationID', 'bigint'), ('payment_type', 'bigint'), ('fare_amount', 'double'), ('extra', 'double'), ('mta_tax', 'double'), ('tip_amount', 'double'), ('tolls_amount', 'double'), ('improvement_surcharge', 'double'), ('total_amount', 'double'), ('congestion_surcharge', 'int'), ('airport_fee', 'int')]"
35,yellow_2011-12.parquet,"[('VendorID', 'bigint'), ('tpep_pickup_datetime', 'timestamp'), ('tpep_dropoff_datetime', 'timestamp'), ('passenger_count', 'bigint'), ('trip_distance', 'double'), ('RatecodeID', 'bigint'), ('store_and_fwd_flag', 'string'), ('PULocationID', 'bigint'), ('DOLocationID', 'bigint'), ('payment_type', 'bigint'), ('fare_amount', 'double'), ('extra', 'double'), ('mta_tax', 'double'), ('tip_amount', 'double'), ('tolls_amount', 'double'), ('improvement_surcharge', 'double'), ('total_amount', 'double'), ('congestion_surcharge', 'int'), ('airport_fee', 'int')]"
36,yellow_2012-01.parquet,"[('VendorID', 'bigint'), ('tpep_pickup_datetime', 'timestamp'), ('tpep_dropoff_datetime', 'timestamp'), ('passenger_count', 'bigint'), ('trip_distance', 'double'), ('RatecodeID', 'bigint'), ('store_and_fwd_flag', 'string'), ('PULocationID', 'bigint'), ('DOLocationID', 'bigint'), ('payment_type', 'bigint'), ('fare_amount', 'double'), ('extra', 'double'), ('mta_tax', 'double'), ('tip_amount', 'double'), ('tolls_amount', 'double'), ('improvement_surcharge', 'double'), ('total_amount', 'double'), ('congestion_surcharge', 'int'), ('airport_fee', 'int')]"
37,yellow_2012-02.parquet,"[('VendorID', 'bigint'), ('tpep_pickup_datetime', 'timestamp'), ('tpep_dropoff_datetime', 'timestamp'), ('passenger_count', 'bigint'), ('trip_distance', 'double'), ('RatecodeID', 'bigint'), ('store_and_fwd_flag', 'string'), ('PULocationID', 'bigint'), ('DOLocationID', 'bigint'), ('payment_type', 'bigint'), ('fare_amount', 'double'), ('extra', 'double'), ('mta_tax', 'double'), ('tip_amount', 'double'), ('tolls_amount', 'double'), ('improvement_surcharge', 'double'), ('total_amount', 'double'), ('congestion_surcharge', 'int'), ('airport_fee', 'int')]"
38,yellow_2012-03.parquet,"[('VendorID', 'bigint'), ('tpep_pickup_datetime', 'timestamp'), ('tpep_dropoff_datetime', 'timestamp'), ('passenger_count', 'bigint'), ('trip_distance', 'double'), ('RatecodeID', 'bigint'), ('store_and_fwd_flag', 'string'), ('PULocationID', 'bigint'), ('DOLocationID', 'bigint'), ('payment_type', 'bigint'), ('fare_amount', 'double'), ('extra', 'double'), ('mta_tax', 'double'), ('tip_amount', 'double'), ('tolls_amount', 'double'), ('improvement_surcharge', 'double'), ('total_amount', 'double'), ('congestion_surcharge', 'int'), ('airport_fee', 'int')]"
39,yellow_2012-04.parquet,"[('VendorID', 'bigint'), ('tpep_pickup_datetime', 'timestamp'), ('tpep_dropoff_datetime', 'timestamp'), ('passenger_count', 'bigint'), ('trip_distance', 'double'), ('RatecodeID', 'bigint'), ('store_and_fwd_flag', 'string'), ('PULocationID', 'bigint'), ('DOLocationID', 'bigint'), ('payment_type', 'bigint'), ('fare_amount', 'double'), ('extra', 'double'), ('mta_tax', 'double'), ('tip_amount', 'double'), ('tolls_amount', 'double'), ('improvement_surcharge', 'double'), ('total_amount', 'double'), ('congestion_surcharge', 'int'), ('airport_fee', 'int')]"
40,yellow_2012-05.parquet,"[('VendorID', 'bigint'), ('tpep_pickup_datetime', 'timestamp'), ('tpep_dropoff_datetime', 'timestamp'), ('passenger_count', 'bigint'), ('trip_distance', 'double'), ('RatecodeID', 'bigint'), ('store_and_fwd_flag', 'string'), ('PULocationID', 'bigint'), ('DOLocationID', 'bigint'), ('payment_type', 'bigint'), ('fare_amount', 'double'), ('extra', 'double'), ('mta_tax', 'double'), ('tip_amount', 'double'), ('tolls_amount', 'double'), ('improvement_surcharge', 'double'), ('total_amount', 'double'), ('congestion_surcharge', 'int'), ('airport_fee', 'int')]"
41,yellow_2012-06.parquet,"[('VendorID', 'bigint'), ('tpep_pickup_datetime', 'timestamp'), ('tpep_dropoff_datetime', 'timestamp'), ('passenger_count', 'bigint'), ('trip_distance', 'double'), ('RatecodeID', 'bigint'), ('store_and_fwd_flag', 'string'), ('PULocationID', 'bigint'), ('DOLocationID', 'bigint'), ('payment_type', 'bigint'), ('fare_amount', 'double'), ('extra', 'double'), ('mta_tax', 'double'), ('tip_amount', 'double'), ('tolls_amount', 'double'), ('improvement_surcharge', 'double'), ('total_amount', 'double'), ('congestion_surcharge', 'int'), ('airport_fee', 'int')]"
42,yellow_2012-07.parquet,"[('VendorID', 'bigint'), ('tpep_pickup_datetime', 'timestamp'), ('tpep_dropoff_datetime', 'timestamp'), ('passenger_count', 'bigint'), ('trip_distance', 'double'), ('RatecodeID', 'bigint'), ('store_and_fwd_flag', 'string'), ('PULocationID', 'bigint'), ('DOLocationID', 'bigint'), ('payment_type', 'bigint'), ('fare_amount', 'double'), ('extra', 'double'), ('mta_tax', 'double'), ('tip_amount', 'double'), ('tolls_amount', 'double'), ('improvement_surcharge', 'double'), ('total_amount', 'double'), ('congestion_surcharge', 'int'), ('airport_fee', 'int')]"
43,yellow_2012-08.parquet,"[('VendorID', 'bigint'), ('tpep_pickup_datetime', 'timestamp'), ('tpep_dropoff_datetime', 'timestamp'), ('passenger_count', 'bigint'), ('trip_distance', 'double'), ('RatecodeID', 'bigint'), ('store_and_fwd_flag', 'string'), ('PULocationID', 'bigint'), ('DOLocationID', 'bigint'), ('payment_type', 'bigint'), ('fare_amount', 'double'), ('extra', 'double'), ('mta_tax', 'double'), ('tip_amount', 'double'), ('tolls_amount', 'double'), ('improvement_surcharge', 'double'), ('total_amount', 'double'), ('congestion_surcharge', 'int'), ('airport_fee', 'int')]"
44,yellow_2012-09.parquet,"[('VendorID', 'bigint'), ('tpep_pickup_datetime', 'timestamp'), ('tpep_dropoff_datetime', 'timestamp'), ('passenger_count', 'bigint'), ('trip_distance', 'double'), ('RatecodeID', 'bigint'), ('store_and_fwd_flag', 'string'), ('PULocationID', 'bigint'), ('DOLocationID', 'bigint'), ('payment_type', 'bigint'), ('fare_amount', 'double'), ('extra', 'double'), ('mta_tax', 'double'), ('tip_amount', 'double'), ('tolls_amount', 'double'), ('improvement_surcharge', 'double'), ('total_amount', 'double'), ('congestion_surcharge', 'int'), ('airport_fee', 'int')]"
45,yellow_2012-10.parquet,"[('VendorID', 'bigint'), ('tpep_pickup_datetime', 'timestamp'), ('tpep_dropoff_datetime', 'timestamp'), ('passenger_count', 'bigint'), ('trip_distance', 'double'), ('RatecodeID', 'bigint'), ('store_and_fwd_flag', 'string'), ('PULocationID', 'bigint'), ('DOLocationID', 'bigint'), ('payment_type', 'bigint'), ('fare_amount', 'double'), ('extra', 'double'), ('mta_tax', 'double'), ('tip_amount', 'double'), ('tolls_amount', 'double'), ('improvement_surcharge', 'double'), ('total_amount', 'double'), ('congestion_surcharge', 'int'), ('airport_fee', 'int')]"
46,yellow_2012-11.parquet,"[('VendorID', 'bigint'), ('tpep_pickup_datetime', 'timestamp'), ('tpep_dropoff_datetime', 'timestamp'), ('passenger_count', 'bigint'), ('trip_distance', 'double'), ('RatecodeID', 'bigint'), ('store_and_fwd_flag', 'string'), ('PULocationID', 'bigint'), ('DOLocationID', 'bigint'), ('payment_type', 'bigint'), ('fare_amount', 'double'), ('extra', 'double'), ('mta_tax', 'double'), ('tip_amount', 'double'), ('tolls_amount', 'double'), ('improvement_surcharge', 'double'), ('total_amount', 'double'), ('congestion_surcharge', 'int'), ('airport_fee', 'int')]"
47,yellow_2012-12.parquet,"[('VendorID', 'bigint'), ('tpep_pickup_datetime', 'timestamp'), ('tpep_dropoff_datetime', 'timestamp'), ('passenger_count', 'bigint'), ('trip_distance', 'double'), ('RatecodeID', 'bigint'), ('store_and_fwd_flag', 'string'), ('PULocationID', 'bigint'), ('DOLocationID', 'bigint'), ('payment_type', 'bigint'), ('fare_amount', 'double'), ('extra', 'double'), ('mta_tax', 'double'), ('tip_amount', 'double'), ('tolls_amount', 'double'), ('improvement_surcharge', 'double'), ('total_amount', 'double'), ('congestion_surcharge', 'double'), ('airport_fee', 'int')]"
48,yellow_2013-01.parquet,"[('VendorID', 'bigint'), ('tpep_pickup_datetime', 'timestamp'), ('tpep_dropoff_datetime', 'timestamp'), ('passenger_count', 'bigint'), ('trip_distance', 'double'), ('RatecodeID', 'bigint'), ('store_and_fwd_flag', 'string'), ('PULocationID', 'bigint'), ('DOLocationID', 'bigint'), ('payment_type', 'bigint'), ('fare_amount', 'double'), ('extra', 'double'), ('mta_tax', 'double'), ('tip_amount', 'double'), ('tolls_amount', 'double'), ('improvement_surcharge', 'double'), ('total_amount', 'double'), ('congestion_surcharge', 'int'), ('airport_fee', 'int')]"
49,yellow_2013-02.parquet,"[('VendorID', 'bigint'), ('tpep_pickup_datetime', 'timestamp'), ('tpep_dropoff_datetime', 'timestamp'), ('passenger_count', 'bigint'), ('trip_distance', 'double'), ('RatecodeID', 'bigint'), ('store_and_fwd_flag', 'string'), ('PULocationID', 'bigint'), ('DOLocationID', 'bigint'), ('payment_type', 'bigint'), ('fare_amount', 'double'), ('extra', 'double'), ('mta_tax', 'double'), ('tip_amount', 'double'), ('tolls_amount', 'double'), ('improvement_surcharge', 'double'), ('total_amount', 'double'), ('congestion_surcharge', 'int'), ('airport_fee', 'int')]"
50,yellow_2013-03.parquet,"[('VendorID', 'bigint'), ('tpep_pickup_datetime', 'timestamp'), ('tpep_dropoff_datetime', 'timestamp'), ('passenger_count', 'bigint'), ('trip_distance', 'double'), ('RatecodeID', 'bigint'), ('store_and_fwd_flag', 'string'), ('PULocationID', 'bigint'), ('DOLocationID', 'bigint'), ('payment_type', 'bigint'), ('fare_amount', 'double'), ('extra', 'double'), ('mta_tax', 'double'), ('tip_amount', 'double'), ('tolls_amount', 'double'), ('improvement_surcharge', 'double'), ('total_amount', 'double'), ('congestion_surcharge', 'int'), ('airport_fee', 'int')]"
51,yellow_2013-04.parquet,"[('VendorID', 'bigint'), ('tpep_pickup_datetime', 'timestamp'), ('tpep_dropoff_datetime', 'timestamp'), ('passenger_count', 'bigint'), ('trip_distance', 'double'), ('RatecodeID', 'bigint'), ('store_and_fwd_flag', 'string'), ('PULocationID', 'bigint'), ('DOLocationID', 'bigint'), ('payment_type', 'bigint'), ('fare_amount', 'double'), ('extra', 'double'), ('mta_tax', 'double'), ('tip_amount', 'double'), ('tolls_amount', 'double'), ('improvement_surcharge', 'double'), ('total_amount', 'double'), ('congestion_surcharge', 'int'), ('airport_fee', 'int')]"
52,yellow_2013-05.parquet,"[('VendorID', 'bigint'), ('tpep_pickup_datetime', 'timestamp'), ('tpep_dropoff_datetime', 'timestamp'), ('passenger_count', 'bigint'), ('trip_distance', 'double'), ('RatecodeID', 'bigint'), ('store_and_fwd_flag', 'string'), ('PULocationID', 'bigint'), ('DOLocationID', 'bigint'), ('payment_type', 'bigint'), ('fare_amount', 'double'), ('extra', 'double'), ('mta_tax', 'double'), ('tip_amount', 'double'), ('tolls_amount', 'double'), ('improvement_surcharge', 'double'), ('total_amount', 'double'), ('congestion_surcharge', 'double'), ('airport_fee', 'int')]"
53,yellow_2013-06.parquet,"[('VendorID', 'bigint'), ('tpep_pickup_datetime', 'timestamp'), ('tpep_dropoff_datetime', 'timestamp'), ('passenger_count', 'bigint'), ('trip_distance', 'double'), ('RatecodeID', 'bigint'), ('store_and_fwd_flag', 'string'), ('PULocationID', 'bigint'), ('DOLocationID', 'bigint'), ('payment_type', 'bigint'), ('fare_amount', 'double'), ('extra', 'double'), ('mta_tax', 'double'), ('tip_amount', 'double'), ('tolls_amount', 'double'), ('improvement_surcharge', 'double'), ('total_amount', 'double'), ('congestion_surcharge', 'int'), ('airport_fee', 'int')]"
54,yellow_2013-07.parquet,"[('VendorID', 'bigint'), ('tpep_pickup_datetime', 'timestamp'), ('tpep_dropoff_datetime', 'timestamp'), ('passenger_count', 'bigint'), ('trip_distance', 'double'), ('RatecodeID', 'bigint'), ('store_and_fwd_flag', 'string'), ('PULocationID', 'bigint'), ('DOLocationID', 'bigint'), ('payment_type', 'bigint'), ('fare_amount', 'double'), ('extra', 'double'), ('mta_tax', 'double'), ('tip_amount', 'double'), ('tolls_amount', 'double'), ('improvement_surcharge', 'double'), ('total_amount', 'double'), ('congestion_surcharge', 'int'), ('airport_fee', 'int')]"
55,yellow_2013-08.parquet,"[('VendorID', 'bigint'), ('tpep_pickup_datetime', 'timestamp'), ('tpep_dropoff_datetime', 'timestamp'), ('passenger_count', 'bigint'), ('trip_distance', 'double'), ('RatecodeID', 'bigint'), ('store_and_fwd_flag', 'string'), ('PULocationID', 'bigint'), ('DOLocationID', 'bigint'), ('payment_type', 'bigint'), ('fare_amount', 'double'), ('extra', 'double'), ('mta_tax', 'double'), ('tip_amount', 'double'), ('tolls_amount', 'double'), ('improvement_surcharge', 'double'), ('total_amount', 'double'), ('congestion_surcharge', 'int'), ('airport_fee', 'int')]"
56,yellow_2013-09.parquet,"[('VendorID', 'bigint'), ('tpep_pickup_datetime', 'timestamp'), ('tpep_dropoff_datetime', 'timestamp'), ('passenger_count', 'bigint'), ('trip_distance', 'double'), ('RatecodeID', 'bigint'), ('store_and_fwd_flag', 'string'), ('PULocationID', 'bigint'), ('DOLocationID', 'bigint'), ('payment_type', 'bigint'), ('fare_amount', 'double'), ('extra', 'double'), ('mta_tax', 'double'), ('tip_amount', 'double'), ('tolls_amount', 'double'), ('improvement_surcharge', 'double'), ('total_amount', 'double'), ('congestion_surcharge', 'int'), ('airport_fee', 'int')]"
57,yellow_2013-10.parquet,"[('VendorID', 'bigint'), ('tpep_pickup_datetime', 'timestamp'), ('tpep_dropoff_datetime', 'timestamp'), ('passenger_count', 'bigint'), ('trip_distance', 'double'), ('RatecodeID', 'bigint'), ('store_and_fwd_flag', 'string'), ('PULocationID', 'bigint'), ('DOLocationID', 'bigint'), ('payment_type', 'bigint'), ('fare_amount', 'double'), ('extra', 'double'), ('mta_tax', 'double'), ('tip_amount', 'double'), ('tolls_amount', 'double'), ('improvement_surcharge', 'double'), ('total_amount', 'double'), ('congestion_surcharge', 'int'), ('airport_fee', 'int')]"
58,yellow_2013-11.parquet,"[('VendorID', 'bigint'), ('tpep_pickup_datetime', 'timestamp'), ('tpep_dropoff_datetime', 'timestamp'), ('passenger_count', 'bigint'), ('trip_distance', 'double'), ('RatecodeID', 'bigint'), ('store_and_fwd_flag', 'string'), ('PULocationID', 'bigint'), ('DOLocationID', 'bigint'), ('payment_type', 'bigint'), ('fare_amount', 'double'), ('extra', 'double'), ('mta_tax', 'double'), ('tip_amount', 'double'), ('tolls_amount', 'double'), ('improvement_surcharge', 'double'), ('total_amount', 'double'), ('congestion_surcharge', 'int'), ('airport_fee', 'int')]"
59,yellow_2013-12.parquet,"[('VendorID', 'bigint'), ('tpep_pickup_datetime', 'timestamp'), ('tpep_dropoff_datetime', 'timestamp'), ('passenger_count', 'bigint'), ('trip_distance', 'double'), ('RatecodeID', 'bigint'), ('store_and_fwd_flag', 'string'), ('PULocationID', 'bigint'), ('DOLocationID', 'bigint'), ('payment_type', 'bigint'), ('fare_amount', 'double'), ('extra', 'double'), ('mta_tax', 'double'), ('tip_amount', 'double'), ('tolls_amount', 'double'), ('improvement_surcharge', 'double'), ('total_amount', 'double'), ('congestion_surcharge', 'int'), ('airport_fee', 'int')]"
60,yellow_2014-01.parquet,"[('VendorID', 'bigint'), ('tpep_pickup_datetime', 'timestamp'), ('tpep_dropoff_datetime', 'timestamp'), ('passenger_count', 'bigint'), ('trip_distance', 'double'), ('RatecodeID', 'bigint'), ('store_and_fwd_flag', 'string'), ('PULocationID', 'bigint'), ('DOLocationID', 'bigint'), ('payment_type', 'bigint'), ('fare_amount', 'double'), ('extra', 'double'), ('mta_tax', 'double'), ('tip_amount', 'double'), ('tolls_amount', 'double'), ('improvement_surcharge', 'double'), ('total_amount', 'double'), ('congestion_surcharge', 'double'), ('airport_fee', 'int')]"
61,yellow_2014-02.parquet,"[('VendorID', 'bigint'), ('tpep_pickup_datetime', 'timestamp'), ('tpep_dropoff_datetime', 'timestamp'), ('passenger_count', 'bigint'), ('trip_distance', 'double'), ('RatecodeID', 'bigint'), ('store_and_fwd_flag', 'string'), ('PULocationID', 'bigint'), ('DOLocationID', 'bigint'), ('payment_type', 'bigint'), ('fare_amount', 'double'), ('extra', 'double'), ('mta_tax', 'double'), ('tip_amount', 'double'), ('tolls_amount', 'double'), ('improvement_surcharge', 'double'), ('total_amount', 'double'), ('congestion_surcharge', 'int'), ('airport_fee', 'int')]"
62,yellow_2014-03.parquet,"[('VendorID', 'bigint'), ('tpep_pickup_datetime', 'timestamp'), ('tpep_dropoff_datetime', 'timestamp'), ('passenger_count', 'bigint'), ('trip_distance', 'double'), ('RatecodeID', 'bigint'), ('store_and_fwd_flag', 'string'), ('PULocationID', 'bigint'), ('DOLocationID', 'bigint'), ('payment_type', 'bigint'), ('fare_amount', 'double'), ('extra', 'double'), ('mta_tax', 'double'), ('tip_amount', 'double'), ('tolls_amount', 'double'), ('improvement_surcharge', 'double'), ('total_amount', 'double'), ('congestion_surcharge', 'int'), ('airport_fee', 'int')]"
63,yellow_2014-04.parquet,"[('VendorID', 'bigint'), ('tpep_pickup_datetime', 'timestamp'), ('tpep_dropoff_datetime', 'timestamp'), ('passenger_count', 'bigint'), ('trip_distance', 'double'), ('RatecodeID', 'bigint'), ('store_and_fwd_flag', 'string'), ('PULocationID', 'bigint'), ('DOLocationID', 'bigint'), ('payment_type', 'bigint'), ('fare_amount', 'double'), ('extra', 'double'), ('mta_tax', 'double'), ('tip_amount', 'double'), ('tolls_amount', 'double'), ('improvement_surcharge', 'double'), ('total_amount', 'double'), ('congestion_surcharge', 'int'), ('airport_fee', 'int')]"
64,yellow_2014-05.parquet,"[('VendorID', 'bigint'), ('tpep_pickup_datetime', 'timestamp'), ('tpep_dropoff_datetime', 'timestamp'), ('passenger_count', 'bigint'), ('trip_distance', 'double'), ('RatecodeID', 'bigint'), ('store_and_fwd_flag', 'string'), ('PULocationID', 'bigint'), ('DOLocationID', 'bigint'), ('payment_type', 'bigint'), ('fare_amount', 'double'), ('extra', 'double'), ('mta_tax', 'double'), ('tip_amount', 'double'), ('tolls_amount', 'double'), ('improvement_surcharge', 'double'), ('total_amount', 'double'), ('congestion_surcharge', 'int'), ('airport_fee', 'int')]"
65,yellow_2014-06.parquet,"[('VendorID', 'bigint'), ('tpep_pickup_datetime', 'timestamp'), ('tpep_dropoff_datetime', 'timestamp'), ('passenger_count', 'bigint'), ('trip_distance', 'double'), ('RatecodeID', 'bigint'), ('store_and_fwd_flag', 'string'), ('PULocationID', 'bigint'), ('DOLocationID', 'bigint'), ('payment_type', 'bigint'), ('fare_amount', 'double'), ('extra', 'double'), ('mta_tax', 'double'), ('tip_amount', 'double'), ('tolls_amount', 'double'), ('improvement_surcharge', 'double'), ('total_amount', 'double'), ('congestion_surcharge', 'int'), ('airport_fee', 'int')]"
66,yellow_2014-07.parquet,"[('VendorID', 'bigint'), ('tpep_pickup_datetime', 'timestamp'), ('tpep_dropoff_datetime', 'timestamp'), ('passenger_count', 'bigint'), ('trip_distance', 'double'), ('RatecodeID', 'bigint'), ('store_and_fwd_flag', 'string'), ('PULocationID', 'bigint'), ('DOLocationID', 'bigint'), ('payment_type', 'bigint'), ('fare_amount', 'double'), ('extra', 'double'), ('mta_tax', 'double'), ('tip_amount', 'double'), ('tolls_amount', 'double'), ('improvement_surcharge', 'double'), ('total_amount', 'double'), ('congestion_surcharge', 'int'), ('airport_fee', 'int')]"
67,yellow_2014-08.parquet,"[('VendorID', 'bigint'), ('tpep_pickup_datetime', 'timestamp'), ('tpep_dropoff_datetime', 'timestamp'), ('passenger_count', 'bigint'), ('trip_distance', 'double'), ('RatecodeID', 'bigint'), ('store_and_fwd_flag', 'string'), ('PULocationID', 'bigint'), ('DOLocationID', 'bigint'), ('payment_type', 'bigint'), ('fare_amount', 'double'), ('extra', 'double'), ('mta_tax', 'double'), ('tip_amount', 'double'), ('tolls_amount', 'double'), ('improvement_surcharge', 'int'), ('total_amount', 'double'), ('congestion_surcharge', 'int'), ('airport_fee', 'int')]"
68,yellow_2014-09.parquet,"[('VendorID', 'bigint'), ('tpep_pickup_datetime', 'timestamp'), ('tpep_dropoff_datetime', 'timestamp'), ('passenger_count', 'bigint'), ('trip_distance', 'double'), ('RatecodeID', 'bigint'), ('store_and_fwd_flag', 'string'), ('PULocationID', 'bigint'), ('DOLocationID', 'bigint'), ('payment_type', 'bigint'), ('fare_amount', 'double'), ('extra', 'double'), ('mta_tax', 'double'), ('tip_amount', 'double'), ('tolls_amount', 'double'), ('improvement_surcharge', 'double'), ('total_amount', 'double'), ('congestion_surcharge', 'int'), ('airport_fee', 'int')]"
69,yellow_2014-10.parquet,"[('VendorID', 'bigint'), ('tpep_pickup_datetime', 'timestamp'), ('tpep_dropoff_datetime', 'timestamp'), ('passenger_count', 'bigint'), ('trip_distance', 'double'), ('RatecodeID', 'bigint'), ('store_and_fwd_flag', 'string'), ('PULocationID', 'bigint'), ('DOLocationID', 'bigint'), ('payment_type', 'bigint'), ('fare_amount', 'double'), ('extra', 'double'), ('mta_tax', 'double'), ('tip_amount', 'double'), ('tolls_amount', 'double'), ('improvement_surcharge', 'double'), ('total_amount', 'double'), ('congestion_surcharge', 'int'), ('airport_fee', 'int')]"
70,yellow_2014-11.parquet,"[('VendorID', 'bigint'), ('tpep_pickup_datetime', 'timestamp'), ('tpep_dropoff_datetime', 'timestamp'), ('passenger_count', 'bigint'), ('trip_distance', 'double'), ('RatecodeID', 'bigint'), ('store_and_fwd_flag', 'string'), ('PULocationID', 'bigint'), ('DOLocationID', 'bigint'), ('payment_type', 'bigint'), ('fare_amount', 'double'), ('extra', 'double'), ('mta_tax', 'double'), ('tip_amount', 'double'), ('tolls_amount', 'double'), ('improvement_surcharge', 'double'), ('total_amount', 'double'), ('congestion_surcharge', 'int'), ('airport_fee', 'int')]"
71,yellow_2014-12.parquet,"[('VendorID', 'bigint'), ('tpep_pickup_datetime', 'timestamp'), ('tpep_dropoff_datetime', 'timestamp'), ('passenger_count', 'bigint'), ('trip_distance', 'double'), ('RatecodeID', 'bigint'), ('store_and_fwd_flag', 'string'), ('PULocationID', 'bigint'), ('DOLocationID', 'bigint'), ('payment_type', 'bigint'), ('fare_amount', 'double'), ('extra', 'double'), ('mta_tax', 'double'), ('tip_amount', 'double'), ('tolls_amount', 'double'), ('improvement_surcharge', 'double'), ('total_amount', 'double'), ('congestion_surcharge', 'int'), ('airport_fee', 'int')]"
72,yellow_2015-01.parquet,"[('VendorID', 'bigint'), ('tpep_pickup_datetime', 'timestamp'), ('tpep_dropoff_datetime', 'timestamp'), ('passenger_count', 'bigint'), ('trip_distance', 'double'), ('RatecodeID', 'bigint'), ('store_and_fwd_flag', 'string'), ('PULocationID', 'bigint'), ('DOLocationID', 'bigint'), ('payment_type', 'bigint'), ('fare_amount', 'double'), ('extra', 'double'), ('mta_tax', 'double'), ('tip_amount', 'double'), ('tolls_amount', 'double'), ('improvement_surcharge', 'double'), ('total_amount', 'double'), ('congestion_surcharge', 'int'), ('airport_fee', 'int')]"
73,yellow_2015-02.parquet,"[('VendorID', 'bigint'), ('tpep_pickup_datetime', 'timestamp'), ('tpep_dropoff_datetime', 'timestamp'), ('passenger_count', 'bigint'), ('trip_distance', 'double'), ('RatecodeID', 'bigint'), ('store_and_fwd_flag', 'string'), ('PULocationID', 'bigint'), ('DOLocationID', 'bigint'), ('payment_type', 'bigint'), ('fare_amount', 'double'), ('extra', 'double'), ('mta_tax', 'double'), ('tip_amount', 'double'), ('tolls_amount', 'double'), ('improvement_surcharge', 'double'), ('total_amount', 'double'), ('congestion_surcharge', 'int'), ('airport_fee', 'int')]"
74,yellow_2015-03.parquet,"[('VendorID', 'bigint'), ('tpep_pickup_datetime', 'timestamp'), ('tpep_dropoff_datetime', 'timestamp'), ('passenger_count', 'bigint'), ('trip_distance', 'double'), ('RatecodeID', 'bigint'), ('store_and_fwd_flag', 'string'), ('PULocationID', 'bigint'), ('DOLocationID', 'bigint'), ('payment_type', 'bigint'), ('fare_amount', 'double'), ('extra', 'double'), ('mta_tax', 'double'), ('tip_amount', 'double'), ('tolls_amount', 'double'), ('improvement_surcharge', 'double'), ('total_amount', 'double'), ('congestion_surcharge', 'int'), ('airport_fee', 'int')]"
75,yellow_2015-04.parquet,"[('VendorID', 'bigint'), ('tpep_pickup_datetime', 'timestamp'), ('tpep_dropoff_datetime', 'timestamp'), ('passenger_count', 'bigint'), ('trip_distance', 'double'), ('RatecodeID', 'bigint'), ('store_and_fwd_flag', 'string'), ('PULocationID', 'bigint'), ('DOLocationID', 'bigint'), ('payment_type', 'bigint'), ('fare_amount', 'double'), ('extra', 'double'), ('mta_tax', 'double'), ('tip_amount', 'double'), ('tolls_amount', 'double'), ('improvement_surcharge', 'double'), ('total_amount', 'double'), ('congestion_surcharge', 'int'), ('airport_fee', 'int')]"
76,yellow_2015-05.parquet,"[('VendorID', 'bigint'), ('tpep_pickup_datetime', 'timestamp'), ('tpep_dropoff_datetime', 'timestamp'), ('passenger_count', 'bigint'), ('trip_distance', 'double'), ('RatecodeID', 'bigint'), ('store_and_fwd_flag', 'string'), ('PULocationID', 'bigint'), ('DOLocationID', 'bigint'), ('payment_type', 'bigint'), ('fare_amount', 'double'), ('extra', 'double'), ('mta_tax', 'double'), ('tip_amount', 'double'), ('tolls_amount', 'double'), ('improvement_surcharge', 'double'), ('total_amount', 'double'), ('congestion_surcharge', 'int'), ('airport_fee', 'int')]"
77,yellow_2015-06.parquet,"[('VendorID', 'bigint'), ('tpep_pickup_datetime', 'timestamp'), ('tpep_dropoff_datetime', 'timestamp'), ('passenger_count', 'bigint'), ('trip_distance', 'double'), ('RatecodeID', 'bigint'), ('store_and_fwd_flag', 'string'), ('PULocationID', 'bigint'), ('DOLocationID', 'bigint'), ('payment_type', 'bigint'), ('fare_amount', 'double'), ('extra', 'double'), ('mta_tax', 'double'), ('tip_amount', 'double'), ('tolls_amount', 'double'), ('improvement_surcharge', 'double'), ('total_amount', 'double'), ('congestion_surcharge', 'int'), ('airport_fee', 'int')]"
78,yellow_2015-07.parquet,"[('VendorID', 'bigint'), ('tpep_pickup_datetime', 'timestamp'), ('tpep_dropoff_datetime', 'timestamp'), ('passenger_count', 'bigint'), ('trip_distance', 'double'), ('RatecodeID', 'bigint'), ('store_and_fwd_flag', 'string'), ('PULocationID', 'bigint'), ('DOLocationID', 'bigint'), ('payment_type', 'bigint'), ('fare_amount', 'double'), ('extra', 'double'), ('mta_tax', 'double'), ('tip_amount', 'double'), ('tolls_amount', 'double'), ('improvement_surcharge', 'double'), ('total_amount', 'double'), ('congestion_surcharge', 'int'), ('airport_fee', 'int')]"
79,yellow_2015-08.parquet,"[('VendorID', 'bigint'), ('tpep_pickup_datetime', 'timestamp'), ('tpep_dropoff_datetime', 'timestamp'), ('passenger_count', 'bigint'), ('trip_distance', 'double'), ('RatecodeID', 'bigint'), ('store_and_fwd_flag', 'string'), ('PULocationID', 'bigint'), ('DOLocationID', 'bigint'), ('payment_type', 'bigint'), ('fare_amount', 'double'), ('extra', 'double'), ('mta_tax', 'double'), ('tip_amount', 'double'), ('tolls_amount', 'double'), ('improvement_surcharge', 'double'), ('total_amount', 'double'), ('congestion_surcharge', 'int'), ('airport_fee', 'int')]"
80,yellow_2015-09.parquet,"[('VendorID', 'bigint'), ('tpep_pickup_datetime', 'timestamp'), ('tpep_dropoff_datetime', 'timestamp'), ('passenger_count', 'bigint'), ('trip_distance', 'double'), ('RatecodeID', 'bigint'), ('store_and_fwd_flag', 'string'), ('PULocationID', 'bigint'), ('DOLocationID', 'bigint'), ('payment_type', 'bigint'), ('fare_amount', 'double'), ('extra', 'double'), ('mta_tax', 'double'), ('tip_amount', 'double'), ('tolls_amount', 'double'), ('improvement_surcharge', 'double'), ('total_amount', 'double'), ('congestion_surcharge', 'int'), ('airport_fee', 'int')]"
81,yellow_2015-10.parquet,"[('VendorID', 'bigint'), ('tpep_pickup_datetime', 'timestamp'), ('tpep_dropoff_datetime', 'timestamp'), ('passenger_count', 'bigint'), ('trip_distance', 'double'), ('RatecodeID', 'bigint'), ('store_and_fwd_flag', 'string'), ('PULocationID', 'bigint'), ('DOLocationID', 'bigint'), ('payment_type', 'bigint'), ('fare_amount', 'double'), ('extra', 'double'), ('mta_tax', 'double'), ('tip_amount', 'double'), ('tolls_amount', 'double'), ('improvement_surcharge', 'double'), ('total_amount', 'double'), ('congestion_surcharge', 'int'), ('airport_fee', 'int')]"
82,yellow_2015-11.parquet,"[('VendorID', 'bigint'), ('tpep_pickup_datetime', 'timestamp'), ('tpep_dropoff_datetime', 'timestamp'), ('passenger_count', 'bigint'), ('trip_distance', 'double'), ('RatecodeID', 'bigint'), ('store_and_fwd_flag', 'string'), ('PULocationID', 'bigint'), ('DOLocationID', 'bigint'), ('payment_type', 'bigint'), ('fare_amount', 'double'), ('extra', 'double'), ('mta_tax', 'double'), ('tip_amount', 'double'), ('tolls_amount', 'double'), ('improvement_surcharge', 'double'), ('total_amount', 'double'), ('congestion_surcharge', 'int'), ('airport_fee', 'int')]"
83,yellow_2015-12.parquet,"[('VendorID', 'bigint'), ('tpep_pickup_datetime', 'timestamp'), ('tpep_dropoff_datetime', 'timestamp'), ('passenger_count', 'bigint'), ('trip_distance', 'double'), ('RatecodeID', 'bigint'), ('store_and_fwd_flag', 'string'), ('PULocationID', 'bigint'), ('DOLocationID', 'bigint'), ('payment_type', 'bigint'), ('fare_amount', 'double'), ('extra', 'double'), ('mta_tax', 'double'), ('tip_amount', 'double'), ('tolls_amount', 'double'), ('improvement_surcharge', 'double'), ('total_amount', 'double'), ('congestion_surcharge', 'int'), ('airport_fee', 'int')]"
84,yellow_2016-01.parquet,"[('VendorID', 'bigint'), ('tpep_pickup_datetime', 'timestamp'), ('tpep_dropoff_datetime', 'timestamp'), ('passenger_count', 'bigint'), ('trip_distance', 'double'), ('RatecodeID', 'bigint'), ('store_and_fwd_flag', 'string'), ('PULocationID', 'bigint'), ('DOLocationID', 'bigint'), ('payment_type', 'bigint'), ('fare_amount', 'double'), ('extra', 'double'), ('mta_tax', 'double'), ('tip_amount', 'double'), ('tolls_amount', 'double'), ('improvement_surcharge', 'double'), ('total_amount', 'double'), ('congestion_surcharge', 'int'), ('airport_fee', 'int')]"
85,yellow_2016-02.parquet,"[('VendorID', 'bigint'), ('tpep_pickup_datetime', 'timestamp'), ('tpep_dropoff_datetime', 'timestamp'), ('passenger_count', 'bigint'), ('trip_distance', 'double'), ('RatecodeID', 'bigint'), ('store_and_fwd_flag', 'string'), ('PULocationID', 'bigint'), ('DOLocationID', 'bigint'), ('payment_type', 'bigint'), ('fare_amount', 'double'), ('extra', 'double'), ('mta_tax', 'double'), ('tip_amount', 'double'), ('tolls_amount', 'double'), ('improvement_surcharge', 'double'), ('total_amount', 'double'), ('congestion_surcharge', 'int'), ('airport_fee', 'int')]"
86,yellow_2016-03.parquet,"[('VendorID', 'bigint'), ('tpep_pickup_datetime', 'timestamp'), ('tpep_dropoff_datetime', 'timestamp'), ('passenger_count', 'bigint'), ('trip_distance', 'double'), ('RatecodeID', 'bigint'), ('store_and_fwd_flag', 'string'), ('PULocationID', 'bigint'), ('DOLocationID', 'bigint'), ('payment_type', 'bigint'), ('fare_amount', 'double'), ('extra', 'double'), ('mta_tax', 'double'), ('tip_amount', 'double'), ('tolls_amount', 'double'), ('improvement_surcharge', 'double'), ('total_amount', 'double'), ('congestion_surcharge', 'int'), ('airport_fee', 'int')]"
87,yellow_2016-04.parquet,"[('VendorID', 'bigint'), ('tpep_pickup_datetime', 'timestamp'), ('tpep_dropoff_datetime', 'timestamp'), ('passenger_count', 'bigint'), ('trip_distance', 'double'), ('RatecodeID', 'bigint'), ('store_and_fwd_flag', 'string'), ('PULocationID', 'bigint'), ('DOLocationID', 'bigint'), ('payment_type', 'bigint'), ('fare_amount', 'double'), ('extra', 'double'), ('mta_tax', 'double'), ('tip_amount', 'double'), ('tolls_amount', 'double'), ('improvement_surcharge', 'double'), ('total_amount', 'double'), ('congestion_surcharge', 'int'), ('airport_fee', 'int')]"
88,yellow_2016-05.parquet,"[('VendorID', 'bigint'), ('tpep_pickup_datetime', 'timestamp'), ('tpep_dropoff_datetime', 'timestamp'), ('passenger_count', 'bigint'), ('trip_distance', 'double'), ('RatecodeID', 'bigint'), ('store_and_fwd_flag', 'string'), ('PULocationID', 'bigint'), ('DOLocationID', 'bigint'), ('payment_type', 'bigint'), ('fare_amount', 'double'), ('extra', 'double'), ('mta_tax', 'double'), ('tip_amount', 'double'), ('tolls_amount', 'double'), ('improvement_surcharge', 'double'), ('total_amount', 'double'), ('congestion_surcharge', 'int'), ('airport_fee', 'int')]"
89,yellow_2016-06.parquet,"[('VendorID', 'bigint'), ('tpep_pickup_datetime', 'timestamp'), ('tpep_dropoff_datetime', 'timestamp'), ('passenger_count', 'bigint'), ('trip_distance', 'double'), ('RatecodeID', 'bigint'), ('store_and_fwd_flag', 'string'), ('PULocationID', 'bigint'), ('DOLocationID', 'bigint'), ('payment_type', 'bigint'), ('fare_amount', 'double'), ('extra', 'double'), ('mta_tax', 'double'), ('tip_amount', 'double'), ('tolls_amount', 'double'), ('improvement_surcharge', 'double'), ('total_amount', 'double'), ('congestion_surcharge', 'int'), ('airport_fee', 'int')]"
90,yellow_2016-07.parquet,"[('VendorID', 'bigint'), ('tpep_pickup_datetime', 'timestamp'), ('tpep_dropoff_datetime', 'timestamp'), ('passenger_count', 'bigint'), ('trip_distance', 'double'), ('RatecodeID', 'bigint'), ('store_and_fwd_flag', 'string'), ('PULocationID', 'bigint'), ('DOLocationID', 'bigint'), ('payment_type', 'bigint'), ('fare_amount', 'double'), ('extra', 'double'), ('mta_tax', 'double'), ('tip_amount', 'double'), ('tolls_amount', 'double'), ('improvement_surcharge', 'double'), ('total_amount', 'double'), ('congestion_surcharge', 'int'), ('airport_fee', 'int')]"
91,yellow_2016-08.parquet,"[('VendorID', 'bigint'), ('tpep_pickup_datetime', 'timestamp'), ('tpep_dropoff_datetime', 'timestamp'), ('passenger_count', 'bigint'), ('trip_distance', 'double'), ('RatecodeID', 'bigint'), ('store_and_fwd_flag', 'string'), ('PULocationID', 'bigint'), ('DOLocationID', 'bigint'), ('payment_type', 'bigint'), ('fare_amount', 'double'), ('extra', 'double'), ('mta_tax', 'double'), ('tip_amount', 'double'), ('tolls_amount', 'double'), ('improvement_surcharge', 'double'), ('total_amount', 'double'), ('congestion_surcharge', 'int'), ('airport_fee', 'int')]"
92,yellow_2016-09.parquet,"[('VendorID', 'bigint'), ('tpep_pickup_datetime', 'timestamp'), ('tpep_dropoff_datetime', 'timestamp'), ('passenger_count', 'bigint'), ('trip_distance', 'double'), ('RatecodeID', 'bigint'), ('store_and_fwd_flag', 'string'), ('PULocationID', 'bigint'), ('DOLocationID', 'bigint'), ('payment_type', 'bigint'), ('fare_amount', 'double'), ('extra', 'double'), ('mta_tax', 'double'), ('tip_amount', 'double'), ('tolls_amount', 'double'), ('improvement_surcharge', 'double'), ('total_amount', 'double'), ('congestion_surcharge', 'int'), ('airport_fee', 'int')]"
93,yellow_2016-10.parquet,"[('VendorID', 'bigint'), ('tpep_pickup_datetime', 'timestamp'), ('tpep_dropoff_datetime', 'timestamp'), ('passenger_count', 'bigint'), ('trip_distance', 'double'), ('RatecodeID', 'bigint'), ('store_and_fwd_flag', 'string'), ('PULocationID', 'bigint'), ('DOLocationID', 'bigint'), ('payment_type', 'bigint'), ('fare_amount', 'double'), ('extra', 'double'), ('mta_tax', 'double'), ('tip_amount', 'double'), ('tolls_amount', 'double'), ('improvement_surcharge', 'double'), ('total_amount', 'double'), ('congestion_surcharge', 'int'), ('airport_fee', 'int')]"
94,yellow_2016-11.parquet,"[('VendorID', 'bigint'), ('tpep_pickup_datetime', 'timestamp'), ('tpep_dropoff_datetime', 'timestamp'), ('passenger_count', 'bigint'), ('trip_distance', 'double'), ('RatecodeID', 'bigint'), ('store_and_fwd_flag', 'string'), ('PULocationID', 'bigint'), ('DOLocationID', 'bigint'), ('payment_type', 'bigint'), ('fare_amount', 'double'), ('extra', 'double'), ('mta_tax', 'double'), ('tip_amount', 'double'), ('tolls_amount', 'double'), ('improvement_surcharge', 'double'), ('total_amount', 'double'), ('congestion_surcharge', 'int'), ('airport_fee', 'int')]"
95,yellow_2016-12.parquet,"[('VendorID', 'bigint'), ('tpep_pickup_datetime', 'timestamp'), ('tpep_dropoff_datetime', 'timestamp'), ('passenger_count', 'bigint'), ('trip_distance', 'double'), ('RatecodeID', 'bigint'), ('store_and_fwd_flag', 'string'), ('PULocationID', 'bigint'), ('DOLocationID', 'bigint'), ('payment_type', 'bigint'), ('fare_amount', 'double'), ('extra', 'double'), ('mta_tax', 'double'), ('tip_amount', 'double'), ('tolls_amount', 'double'), ('improvement_surcharge', 'double'), ('total_amount', 'double'), ('congestion_surcharge', 'int'), ('airport_fee', 'int')]"
96,yellow_2017-01.parquet,"[('VendorID', 'bigint'), ('tpep_pickup_datetime', 'timestamp'), ('tpep_dropoff_datetime', 'timestamp'), ('passenger_count', 'bigint'), ('trip_distance', 'double'), ('RatecodeID', 'bigint'), ('store_and_fwd_flag', 'string'), ('PULocationID', 'bigint'), ('DOLocationID', 'bigint'), ('payment_type', 'bigint'), ('fare_amount', 'double'), ('extra', 'double'), ('mta_tax', 'double'), ('tip_amount', 'double'), ('tolls_amount', 'double'), ('improvement_surcharge', 'double'), ('total_amount', 'double'), ('congestion_surcharge', 'int'), ('airport_fee', 'int')]"
97,yellow_2017-02.parquet,"[('VendorID', 'bigint'), ('tpep_pickup_datetime', 'timestamp'), ('tpep_dropoff_datetime', 'timestamp'), ('passenger_count', 'bigint'), ('trip_distance', 'double'), ('RatecodeID', 'bigint'), ('store_and_fwd_flag', 'string'), ('PULocationID', 'bigint'), ('DOLocationID', 'bigint'), ('payment_type', 'bigint'), ('fare_amount', 'double'), ('extra', 'double'), ('mta_tax', 'double'), ('tip_amount', 'double'), ('tolls_amount', 'double'), ('improvement_surcharge', 'double'), ('total_amount', 'double'), ('congestion_surcharge', 'int'), ('airport_fee', 'int')]"
98,yellow_2017-03.parquet,"[('VendorID', 'bigint'), ('tpep_pickup_datetime', 'timestamp'), ('tpep_dropoff_datetime', 'timestamp'), ('passenger_count', 'bigint'), ('trip_distance', 'double'), ('RatecodeID', 'bigint'), ('store_and_fwd_flag', 'string'), ('PULocationID', 'bigint'), ('DOLocationID', 'bigint'), ('payment_type', 'bigint'), ('fare_amount', 'double'), ('extra', 'double'), ('mta_tax', 'double'), ('tip_amount', 'double'), ('tolls_amount', 'double'), ('improvement_surcharge', 'double'), ('total_amount', 'double'), ('congestion_surcharge', 'int'), ('airport_fee', 'int')]"
99,yellow_2017-04.parquet,"[('VendorID', 'bigint'), ('tpep_pickup_datetime', 'timestamp'), ('tpep_dropoff_datetime', 'timestamp'), ('passenger_count', 'bigint'), ('trip_distance', 'double'), ('RatecodeID', 'bigint'), ('store_and_fwd_flag', 'string'), ('PULocationID', 'bigint'), ('DOLocationID', 'bigint'), ('payment_type', 'bigint'), ('fare_amount', 'double'), ('extra', 'double'), ('mta_tax', 'double'), ('tip_amount', 'double'), ('tolls_amount', 'double'), ('improvement_surcharge', 'double'), ('total_amount', 'double'), ('congestion_surcharge', 'int'), ('airport_fee', 'int')]"
100,yellow_2017-05.parquet,"[('VendorID', 'bigint'), ('tpep_pickup_datetime', 'timestamp'), ('tpep_dropoff_datetime', 'timestamp'), ('passenger_count', 'bigint'), ('trip_distance', 'double'), ('RatecodeID', 'bigint'), ('store_and_fwd_flag', 'string'), ('PULocationID', 'bigint'), ('DOLocationID', 'bigint'), ('payment_type', 'bigint'), ('fare_amount', 'double'), ('extra', 'double'), ('mta_tax', 'double'), ('tip_amount', 'double'), ('tolls_amount', 'double'), ('improvement_surcharge', 'double'), ('total_amount', 'double'), ('congestion_surcharge', 'int'), ('airport_fee', 'int')]"
101,yellow_2017-06.parquet,"[('VendorID', 'bigint'), ('tpep_pickup_datetime', 'timestamp'), ('tpep_dropoff_datetime', 'timestamp'), ('passenger_count', 'bigint'), ('trip_distance', 'double'), ('RatecodeID', 'bigint'), ('store_and_fwd_flag', 'string'), ('PULocationID', 'bigint'), ('DOLocationID', 'bigint'), ('payment_type', 'bigint'), ('fare_amount', 'double'), ('extra', 'double'), ('mta_tax', 'double'), ('tip_amount', 'double'), ('tolls_amount', 'double'), ('improvement_surcharge', 'double'), ('total_amount', 'double'), ('congestion_surcharge', 'int'), ('airport_fee', 'int')]"
102,yellow_2017-07.parquet,"[('VendorID', 'bigint'), ('tpep_pickup_datetime', 'timestamp'), ('tpep_dropoff_datetime', 'timestamp'), ('passenger_count', 'bigint'), ('trip_distance', 'double'), ('RatecodeID', 'bigint'), ('store_and_fwd_flag', 'string'), ('PULocationID', 'bigint'), ('DOLocationID', 'bigint'), ('payment_type', 'bigint'), ('fare_amount', 'double'), ('extra', 'double'), ('mta_tax', 'double'), ('tip_amount', 'double'), ('tolls_amount', 'double'), ('improvement_surcharge', 'double'), ('total_amount', 'double'), ('congestion_surcharge', 'int'), ('airport_fee', 'int')]"
103,yellow_2017-08.parquet,"[('VendorID', 'bigint'), ('tpep_pickup_datetime', 'timestamp'), ('tpep_dropoff_datetime', 'timestamp'), ('passenger_count', 'bigint'), ('trip_distance', 'double'), ('RatecodeID', 'bigint'), ('store_and_fwd_flag', 'string'), ('PULocationID', 'bigint'), ('DOLocationID', 'bigint'), ('payment_type', 'bigint'), ('fare_amount', 'double'), ('extra', 'double'), ('mta_tax', 'double'), ('tip_amount', 'double'), ('tolls_amount', 'double'), ('improvement_surcharge', 'double'), ('total_amount', 'double'), ('congestion_surcharge', 'int'), ('airport_fee', 'int')]"
104,yellow_2017-09.parquet,"[('VendorID', 'bigint'), ('tpep_pickup_datetime', 'timestamp'), ('tpep_dropoff_datetime', 'timestamp'), ('passenger_count', 'bigint'), ('trip_distance', 'double'), ('RatecodeID', 'bigint'), ('store_and_fwd_flag', 'string'), ('PULocationID', 'bigint'), ('DOLocationID', 'bigint'), ('payment_type', 'bigint'), ('fare_amount', 'double'), ('extra', 'double'), ('mta_tax', 'double'), ('tip_amount', 'double'), ('tolls_amount', 'double'), ('improvement_surcharge', 'double'), ('total_amount', 'double'), ('congestion_surcharge', 'int'), ('airport_fee', 'int')]"
105,yellow_2017-10.parquet,"[('VendorID', 'bigint'), ('tpep_pickup_datetime', 'timestamp'), ('tpep_dropoff_datetime', 'timestamp'), ('passenger_count', 'bigint'), ('trip_distance', 'double'), ('RatecodeID', 'bigint'), ('store_and_fwd_flag', 'string'), ('PULocationID', 'bigint'), ('DOLocationID', 'bigint'), ('payment_type', 'bigint'), ('fare_amount', 'double'), ('extra', 'double'), ('mta_tax', 'double'), ('tip_amount', 'double'), ('tolls_amount', 'double'), ('improvement_surcharge', 'double'), ('total_amount', 'double'), ('congestion_surcharge', 'int'), ('airport_fee', 'int')]"
106,yellow_2017-11.parquet,"[('VendorID', 'bigint'), ('tpep_pickup_datetime', 'timestamp'), ('tpep_dropoff_datetime', 'timestamp'), ('passenger_count', 'bigint'), ('trip_distance', 'double'), ('RatecodeID', 'bigint'), ('store_and_fwd_flag', 'string'), ('PULocationID', 'bigint'), ('DOLocationID', 'bigint'), ('payment_type', 'bigint'), ('fare_amount', 'double'), ('extra', 'double'), ('mta_tax', 'double'), ('tip_amount', 'double'), ('tolls_amount', 'double'), ('improvement_surcharge', 'double'), ('total_amount', 'double'), ('congestion_surcharge', 'int'), ('airport_fee', 'int')]"
107,yellow_2017-12.parquet,"[('VendorID', 'bigint'), ('tpep_pickup_datetime', 'timestamp'), ('tpep_dropoff_datetime', 'timestamp'), ('passenger_count', 'bigint'), ('trip_distance', 'double'), ('RatecodeID', 'bigint'), ('store_and_fwd_flag', 'string'), ('PULocationID', 'bigint'), ('DOLocationID', 'bigint'), ('payment_type', 'bigint'), ('fare_amount', 'double'), ('extra', 'double'), ('mta_tax', 'double'), ('tip_amount', 'double'), ('tolls_amount', 'double'), ('improvement_surcharge', 'double'), ('total_amount', 'double'), ('congestion_surcharge', 'int'), ('airport_fee', 'int')]"
108,yellow_2018-01.parquet,"[('VendorID', 'bigint'), ('tpep_pickup_datetime', 'timestamp'), ('tpep_dropoff_datetime', 'timestamp'), ('passenger_count', 'bigint'), ('trip_distance', 'double'), ('RatecodeID', 'bigint'), ('store_and_fwd_flag', 'string'), ('PULocationID', 'bigint'), ('DOLocationID', 'bigint'), ('payment_type', 'bigint'), ('fare_amount', 'double'), ('extra', 'double'), ('mta_tax', 'double'), ('tip_amount', 'double'), ('tolls_amount', 'double'), ('improvement_surcharge', 'double'), ('total_amount', 'double'), ('congestion_surcharge', 'double'), ('airport_fee', 'double')]"
109,yellow_2018-02.parquet,"[('VendorID', 'bigint'), ('tpep_pickup_datetime', 'timestamp'), ('tpep_dropoff_datetime', 'timestamp'), ('passenger_count', 'bigint'), ('trip_distance', 'double'), ('RatecodeID', 'bigint'), ('store_and_fwd_flag', 'string'), ('PULocationID', 'bigint'), ('DOLocationID', 'bigint'), ('payment_type', 'bigint'), ('fare_amount', 'double'), ('extra', 'double'), ('mta_tax', 'double'), ('tip_amount', 'double'), ('tolls_amount', 'double'), ('improvement_surcharge', 'double'), ('total_amount', 'double'), ('congestion_surcharge', 'int'), ('airport_fee', 'int')]"
110,yellow_2018-03.parquet,"[('VendorID', 'bigint'), ('tpep_pickup_datetime', 'timestamp'), ('tpep_dropoff_datetime', 'timestamp'), ('passenger_count', 'bigint'), ('trip_distance', 'double'), ('RatecodeID', 'bigint'), ('store_and_fwd_flag', 'string'), ('PULocationID', 'bigint'), ('DOLocationID', 'bigint'), ('payment_type', 'bigint'), ('fare_amount', 'double'), ('extra', 'double'), ('mta_tax', 'double'), ('tip_amount', 'double'), ('tolls_amount', 'double'), ('improvement_surcharge', 'double'), ('total_amount', 'double'), ('congestion_surcharge', 'int'), ('airport_fee', 'int')]"
111,yellow_2018-04.parquet,"[('VendorID', 'bigint'), ('tpep_pickup_datetime', 'timestamp'), ('tpep_dropoff_datetime', 'timestamp'), ('passenger_count', 'bigint'), ('trip_distance', 'double'), ('RatecodeID', 'bigint'), ('store_and_fwd_flag', 'string'), ('PULocationID', 'bigint'), ('DOLocationID', 'bigint'), ('payment_type', 'bigint'), ('fare_amount', 'double'), ('extra', 'double'), ('mta_tax', 'double'), ('tip_amount', 'double'), ('tolls_amount', 'double'), ('improvement_surcharge', 'double'), ('total_amount', 'double'), ('congestion_surcharge', 'int'), ('airport_fee', 'int')]"
112,yellow_2018-05.parquet,"[('VendorID', 'bigint'), ('tpep_pickup_datetime', 'timestamp'), ('tpep_dropoff_datetime', 'timestamp'), ('passenger_count', 'bigint'), ('trip_distance', 'double'), ('RatecodeID', 'bigint'), ('store_and_fwd_flag', 'string'), ('PULocationID', 'bigint'), ('DOLocationID', 'bigint'), ('payment_type', 'bigint'), ('fare_amount', 'double'), ('extra', 'double'), ('mta_tax', 'double'), ('tip_amount', 'double'), ('tolls_amount', 'double'), ('improvement_surcharge', 'double'), ('total_amount', 'double'), ('congestion_surcharge', 'int'), ('airport_fee', 'int')]"
113,yellow_2018-06.parquet,"[('VendorID', 'bigint'), ('tpep_pickup_datetime', 'timestamp'), ('tpep_dropoff_datetime', 'timestamp'), ('passenger_count', 'bigint'), ('trip_distance', 'double'), ('RatecodeID', 'bigint'), ('store_and_fwd_flag', 'string'), ('PULocationID', 'bigint'), ('DOLocationID', 'bigint'), ('payment_type', 'bigint'), ('fare_amount', 'double'), ('extra', 'double'), ('mta_tax', 'double'), ('tip_amount', 'double'), ('tolls_amount', 'double'), ('improvement_surcharge', 'double'), ('total_amount', 'double'), ('congestion_surcharge', 'double'), ('airport_fee', 'int')]"
114,yellow_2018-07.parquet,"[('VendorID', 'bigint'), ('tpep_pickup_datetime', 'timestamp'), ('tpep_dropoff_datetime', 'timestamp'), ('passenger_count', 'double'), ('trip_distance', 'double'), ('RatecodeID', 'double'), ('store_and_fwd_flag', 'string'), ('PULocationID', 'bigint'), ('DOLocationID', 'bigint'), ('payment_type', 'bigint'), ('fare_amount', 'double'), ('extra', 'double'), ('mta_tax', 'double'), ('tip_amount', 'double'), ('tolls_amount', 'double'), ('improvement_surcharge', 'double'), ('total_amount', 'double'), ('congestion_surcharge', 'int'), ('airport_fee', 'int')]"
115,yellow_2018-08.parquet,"[('VendorID', 'bigint'), ('tpep_pickup_datetime', 'timestamp'), ('tpep_dropoff_datetime', 'timestamp'), ('passenger_count', 'double'), ('trip_distance', 'double'), ('RatecodeID', 'double'), ('store_and_fwd_flag', 'string'), ('PULocationID', 'bigint'), ('DOLocationID', 'bigint'), ('payment_type', 'bigint'), ('fare_amount', 'double'), ('extra', 'double'), ('mta_tax', 'double'), ('tip_amount', 'double'), ('tolls_amount', 'double'), ('improvement_surcharge', 'double'), ('total_amount', 'double'), ('congestion_surcharge', 'int'), ('airport_fee', 'int')]"
116,yellow_2018-09.parquet,"[('VendorID', 'bigint'), ('tpep_pickup_datetime', 'timestamp'), ('tpep_dropoff_datetime', 'timestamp'), ('passenger_count', 'double'), ('trip_distance', 'double'), ('RatecodeID', 'double'), ('store_and_fwd_flag', 'string'), ('PULocationID', 'bigint'), ('DOLocationID', 'bigint'), ('payment_type', 'bigint'), ('fare_amount', 'double'), ('extra', 'double'), ('mta_tax', 'double'), ('tip_amount', 'double'), ('tolls_amount', 'double'), ('improvement_surcharge', 'double'), ('total_amount', 'double'), ('congestion_surcharge', 'double'), ('airport_fee', 'int')]"
117,yellow_2018-10.parquet,"[('VendorID', 'bigint'), ('tpep_pickup_datetime', 'timestamp'), ('tpep_dropoff_datetime', 'timestamp'), ('passenger_count', 'double'), ('trip_distance', 'double'), ('RatecodeID', 'double'), ('store_and_fwd_flag', 'string'), ('PULocationID', 'bigint'), ('DOLocationID', 'bigint'), ('payment_type', 'bigint'), ('fare_amount', 'double'), ('extra', 'double'), ('mta_tax', 'double'), ('tip_amount', 'double'), ('tolls_amount', 'double'), ('improvement_surcharge', 'double'), ('total_amount', 'double'), ('congestion_surcharge', 'int'), ('airport_fee', 'int')]"
118,yellow_2018-11.parquet,"[('VendorID', 'bigint'), ('tpep_pickup_datetime', 'timestamp'), ('tpep_dropoff_datetime', 'timestamp'), ('passenger_count', 'double'), ('trip_distance', 'double'), ('RatecodeID', 'double'), ('store_and_fwd_flag', 'string'), ('PULocationID', 'bigint'), ('DOLocationID', 'bigint'), ('payment_type', 'bigint'), ('fare_amount', 'double'), ('extra', 'double'), ('mta_tax', 'double'), ('tip_amount', 'double'), ('tolls_amount', 'double'), ('improvement_surcharge', 'double'), ('total_amount', 'double'), ('congestion_surcharge', 'double'), ('airport_fee', 'int')]"
119,yellow_2018-12.parquet,"[('VendorID', 'bigint'), ('tpep_pickup_datetime', 'timestamp'), ('tpep_dropoff_datetime', 'timestamp'), ('passenger_count', 'double'), ('trip_distance', 'double'), ('RatecodeID', 'double'), ('store_and_fwd_flag', 'string'), ('PULocationID', 'bigint'), ('DOLocationID', 'bigint'), ('payment_type', 'bigint'), ('fare_amount', 'double'), ('extra', 'double'), ('mta_tax', 'double'), ('tip_amount', 'double'), ('tolls_amount', 'double'), ('improvement_surcharge', 'double'), ('total_amount', 'double'), ('congestion_surcharge', 'int'), ('airport_fee', 'int')]"
120,yellow_2019-01.parquet,"[('VendorID', 'bigint'), ('tpep_pickup_datetime', 'timestamp'), ('tpep_dropoff_datetime', 'timestamp'), ('passenger_count', 'double'), ('trip_distance', 'double'), ('RatecodeID', 'double'), ('store_and_fwd_flag', 'string'), ('PULocationID', 'bigint'), ('DOLocationID', 'bigint'), ('payment_type', 'bigint'), ('fare_amount', 'double'), ('extra', 'double'), ('mta_tax', 'double'), ('tip_amount', 'double'), ('tolls_amount', 'double'), ('improvement_surcharge', 'double'), ('total_amount', 'double'), ('congestion_surcharge', 'double'), ('airport_fee', 'int')]"
121,yellow_2019-02.parquet,"[('VendorID', 'bigint'), ('tpep_pickup_datetime', 'timestamp'), ('tpep_dropoff_datetime', 'timestamp'), ('passenger_count', 'double'), ('trip_distance', 'double'), ('RatecodeID', 'double'), ('store_and_fwd_flag', 'string'), ('PULocationID', 'bigint'), ('DOLocationID', 'bigint'), ('payment_type', 'bigint'), ('fare_amount', 'double'), ('extra', 'double'), ('mta_tax', 'double'), ('tip_amount', 'double'), ('tolls_amount', 'double'), ('improvement_surcharge', 'double'), ('total_amount', 'double'), ('congestion_surcharge', 'double'), ('airport_fee', 'int')]"
122,yellow_2019-03.parquet,"[('VendorID', 'bigint'), ('tpep_pickup_datetime', 'timestamp'), ('tpep_dropoff_datetime', 'timestamp'), ('passenger_count', 'double'), ('trip_distance', 'double'), ('RatecodeID', 'double'), ('store_and_fwd_flag', 'string'), ('PULocationID', 'bigint'), ('DOLocationID', 'bigint'), ('payment_type', 'bigint'), ('fare_amount', 'double'), ('extra', 'double'), ('mta_tax', 'double'), ('tip_amount', 'double'), ('tolls_amount', 'double'), ('improvement_surcharge', 'double'), ('total_amount', 'double'), ('congestion_surcharge', 'double'), ('airport_fee', 'int')]"
123,yellow_2019-04.parquet,"[('VendorID', 'bigint'), ('tpep_pickup_datetime', 'timestamp'), ('tpep_dropoff_datetime', 'timestamp'), ('passenger_count', 'double'), ('trip_distance', 'double'), ('RatecodeID', 'double'), ('store_and_fwd_flag', 'string'), ('PULocationID', 'bigint'), ('DOLocationID', 'bigint'), ('payment_type', 'bigint'), ('fare_amount', 'double'), ('extra', 'double'), ('mta_tax', 'double'), ('tip_amount', 'double'), ('tolls_amount', 'double'), ('improvement_surcharge', 'double'), ('total_amount', 'double'), ('congestion_surcharge', 'double'), ('airport_fee', 'int')]"
124,yellow_2019-05.parquet,"[('VendorID', 'bigint'), ('tpep_pickup_datetime', 'timestamp'), ('tpep_dropoff_datetime', 'timestamp'), ('passenger_count', 'double'), ('trip_distance', 'double'), ('RatecodeID', 'double'), ('store_and_fwd_flag', 'string'), ('PULocationID', 'bigint'), ('DOLocationID', 'bigint'), ('payment_type', 'bigint'), ('fare_amount', 'double'), ('extra', 'double'), ('mta_tax', 'double'), ('tip_amount', 'double'), ('tolls_amount', 'double'), ('improvement_surcharge', 'double'), ('total_amount', 'double'), ('congestion_surcharge', 'double'), ('airport_fee', 'int')]"
125,yellow_2019-06.parquet,"[('VendorID', 'bigint'), ('tpep_pickup_datetime', 'timestamp'), ('tpep_dropoff_datetime', 'timestamp'), ('passenger_count', 'double'), ('trip_distance', 'double'), ('RatecodeID', 'double'), ('store_and_fwd_flag', 'string'), ('PULocationID', 'bigint'), ('DOLocationID', 'bigint'), ('payment_type', 'bigint'), ('fare_amount', 'double'), ('extra', 'double'), ('mta_tax', 'double'), ('tip_amount', 'double'), ('tolls_amount', 'double'), ('improvement_surcharge', 'double'), ('total_amount', 'double'), ('congestion_surcharge', 'double'), ('airport_fee', 'int')]"
126,yellow_2019-07.parquet,"[('VendorID', 'bigint'), ('tpep_pickup_datetime', 'timestamp'), ('tpep_dropoff_datetime', 'timestamp'), ('passenger_count', 'double'), ('trip_distance', 'double'), ('RatecodeID', 'double'), ('store_and_fwd_flag', 'string'), ('PULocationID', 'bigint'), ('DOLocationID', 'bigint'), ('payment_type', 'bigint'), ('fare_amount', 'double'), ('extra', 'double'), ('mta_tax', 'double'), ('tip_amount', 'double'), ('tolls_amount', 'double'), ('improvement_surcharge', 'double'), ('total_amount', 'double'), ('congestion_surcharge', 'double'), ('airport_fee', 'int')]"
127,yellow_2019-08.parquet,"[('VendorID', 'bigint'), ('tpep_pickup_datetime', 'timestamp'), ('tpep_dropoff_datetime', 'timestamp'), ('passenger_count', 'double'), ('trip_distance', 'double'), ('RatecodeID', 'double'), ('store_and_fwd_flag', 'string'), ('PULocationID', 'bigint'), ('DOLocationID', 'bigint'), ('payment_type', 'bigint'), ('fare_amount', 'double'), ('extra', 'double'), ('mta_tax', 'double'), ('tip_amount', 'double'), ('tolls_amount', 'double'), ('improvement_surcharge', 'double'), ('total_amount', 'double'), ('congestion_surcharge', 'double'), ('airport_fee', 'int')]"
128,yellow_2019-09.parquet,"[('VendorID', 'bigint'), ('tpep_pickup_datetime', 'timestamp'), ('tpep_dropoff_datetime', 'timestamp'), ('passenger_count', 'double'), ('trip_distance', 'double'), ('RatecodeID', 'double'), ('store_and_fwd_flag', 'string'), ('PULocationID', 'bigint'), ('DOLocationID', 'bigint'), ('payment_type', 'bigint'), ('fare_amount', 'double'), ('extra', 'double'), ('mta_tax', 'double'), ('tip_amount', 'double'), ('tolls_amount', 'double'), ('improvement_surcharge', 'double'), ('total_amount', 'double'), ('congestion_surcharge', 'double'), ('airport_fee', 'int')]"
129,yellow_2019-10.parquet,"[('VendorID', 'bigint'), ('tpep_pickup_datetime', 'timestamp'), ('tpep_dropoff_datetime', 'timestamp'), ('passenger_count', 'double'), ('trip_distance', 'double'), ('RatecodeID', 'double'), ('store_and_fwd_flag', 'string'), ('PULocationID', 'bigint'), ('DOLocationID', 'bigint'), ('payment_type', 'bigint'), ('fare_amount', 'double'), ('extra', 'double'), ('mta_tax', 'double'), ('tip_amount', 'double'), ('tolls_amount', 'double'), ('improvement_surcharge', 'double'), ('total_amount', 'double'), ('congestion_surcharge', 'double'), ('airport_fee', 'int')]"
130,yellow_2019-11.parquet,"[('VendorID', 'bigint'), ('tpep_pickup_datetime', 'timestamp'), ('tpep_dropoff_datetime', 'timestamp'), ('passenger_count', 'double'), ('trip_distance', 'double'), ('RatecodeID', 'double'), ('store_and_fwd_flag', 'string'), ('PULocationID', 'bigint'), ('DOLocationID', 'bigint'), ('payment_type', 'bigint'), ('fare_amount', 'double'), ('extra', 'double'), ('mta_tax', 'double'), ('tip_amount', 'double'), ('tolls_amount', 'double'), ('improvement_surcharge', 'double'), ('total_amount', 'double'), ('congestion_surcharge', 'double'), ('airport_fee', 'int')]"
131,yellow_2019-12.parquet,"[('VendorID', 'bigint'), ('tpep_pickup_datetime', 'timestamp'), ('tpep_dropoff_datetime', 'timestamp'), ('passenger_count', 'double'), ('trip_distance', 'double'), ('RatecodeID', 'double'), ('store_and_fwd_flag', 'string'), ('PULocationID', 'bigint'), ('DOLocationID', 'bigint'), ('payment_type', 'bigint'), ('fare_amount', 'double'), ('extra', 'double'), ('mta_tax', 'double'), ('tip_amount', 'double'), ('tolls_amount', 'double'), ('improvement_surcharge', 'double'), ('total_amount', 'double'), ('congestion_surcharge', 'double'), ('airport_fee', 'int')]"
132,yellow_2020-01.parquet,"[('VendorID', 'bigint'), ('tpep_pickup_datetime', 'timestamp'), ('tpep_dropoff_datetime', 'timestamp'), ('passenger_count', 'double'), ('trip_distance', 'double'), ('RatecodeID', 'double'), ('store_and_fwd_flag', 'string'), ('PULocationID', 'bigint'), ('DOLocationID', 'bigint'), ('payment_type', 'bigint'), ('fare_amount', 'double'), ('extra', 'double'), ('mta_tax', 'double'), ('tip_amount', 'double'), ('tolls_amount', 'double'), ('improvement_surcharge', 'double'), ('total_amount', 'double'), ('congestion_surcharge', 'double'), ('airport_fee', 'int')]"
133,yellow_2020-02.parquet,"[('VendorID', 'bigint'), ('tpep_pickup_datetime', 'timestamp'), ('tpep_dropoff_datetime', 'timestamp'), ('passenger_count', 'double'), ('trip_distance', 'double'), ('RatecodeID', 'double'), ('store_and_fwd_flag', 'string'), ('PULocationID', 'bigint'), ('DOLocationID', 'bigint'), ('payment_type', 'bigint'), ('fare_amount', 'double'), ('extra', 'double'), ('mta_tax', 'double'), ('tip_amount', 'double'), ('tolls_amount', 'double'), ('improvement_surcharge', 'double'), ('total_amount', 'double'), ('congestion_surcharge', 'double'), ('airport_fee', 'int')]"
134,yellow_2020-03.parquet,"[('VendorID', 'bigint'), ('tpep_pickup_datetime', 'timestamp'), ('tpep_dropoff_datetime', 'timestamp'), ('passenger_count', 'double'), ('trip_distance', 'double'), ('RatecodeID', 'double'), ('store_and_fwd_flag', 'string'), ('PULocationID', 'bigint'), ('DOLocationID', 'bigint'), ('payment_type', 'bigint'), ('fare_amount', 'double'), ('extra', 'double'), ('mta_tax', 'double'), ('tip_amount', 'double'), ('tolls_amount', 'double'), ('improvement_surcharge', 'double'), ('total_amount', 'double'), ('congestion_surcharge', 'double'), ('airport_fee', 'int')]"
135,yellow_2020-04.parquet,"[('VendorID', 'bigint'), ('tpep_pickup_datetime', 'timestamp'), ('tpep_dropoff_datetime', 'timestamp'), ('passenger_count', 'double'), ('trip_distance', 'double'), ('RatecodeID', 'double'), ('store_and_fwd_flag', 'string'), ('PULocationID', 'bigint'), ('DOLocationID', 'bigint'), ('payment_type', 'bigint'), ('fare_amount', 'double'), ('extra', 'double'), ('mta_tax', 'double'), ('tip_amount', 'double'), ('tolls_amount', 'double'), ('improvement_surcharge', 'double'), ('total_amount', 'double'), ('congestion_surcharge', 'double'), ('airport_fee', 'int')]"
136,yellow_2020-05.parquet,"[('VendorID', 'bigint'), ('tpep_pickup_datetime', 'timestamp'), ('tpep_dropoff_datetime', 'timestamp'), ('passenger_count', 'double'), ('trip_distance', 'double'), ('RatecodeID', 'double'), ('store_and_fwd_flag', 'string'), ('PULocationID', 'bigint'), ('DOLocationID', 'bigint'), ('payment_type', 'bigint'), ('fare_amount', 'double'), ('extra', 'double'), ('mta_tax', 'double'), ('tip_amount', 'double'), ('tolls_amount', 'double'), ('improvement_surcharge', 'double'), ('total_amount', 'double'), ('congestion_surcharge', 'double'), ('airport_fee', 'int')]"
137,yellow_2020-06.parquet,"[('VendorID', 'bigint'), ('tpep_pickup_datetime', 'timestamp'), ('tpep_dropoff_datetime', 'timestamp'), ('passenger_count', 'double'), ('trip_distance', 'double'), ('RatecodeID', 'double'), ('store_and_fwd_flag', 'string'), ('PULocationID', 'bigint'), ('DOLocationID', 'bigint'), ('payment_type', 'bigint'), ('fare_amount', 'double'), ('extra', 'double'), ('mta_tax', 'double'), ('tip_amount', 'double'), ('tolls_amount', 'double'), ('improvement_surcharge', 'double'), ('total_amount', 'double'), ('congestion_surcharge', 'double'), ('airport_fee', 'int')]"
138,yellow_2020-07.parquet,"[('VendorID', 'bigint'), ('tpep_pickup_datetime', 'timestamp'), ('tpep_dropoff_datetime', 'timestamp'), ('passenger_count', 'double'), ('trip_distance', 'double'), ('RatecodeID', 'double'), ('store_and_fwd_flag', 'string'), ('PULocationID', 'bigint'), ('DOLocationID', 'bigint'), ('payment_type', 'bigint'), ('fare_amount', 'double'), ('extra', 'double'), ('mta_tax', 'double'), ('tip_amount', 'double'), ('tolls_amount', 'double'), ('improvement_surcharge', 'double'), ('total_amount', 'double'), ('congestion_surcharge', 'double'), ('airport_fee', 'int')]"
139,yellow_2020-08.parquet,"[('VendorID', 'bigint'), ('tpep_pickup_datetime', 'timestamp'), ('tpep_dropoff_datetime', 'timestamp'), ('passenger_count', 'double'), ('trip_distance', 'double'), ('RatecodeID', 'double'), ('store_and_fwd_flag', 'string'), ('PULocationID', 'bigint'), ('DOLocationID', 'bigint'), ('payment_type', 'bigint'), ('fare_amount', 'double'), ('extra', 'double'), ('mta_tax', 'double'), ('tip_amount', 'double'), ('tolls_amount', 'double'), ('improvement_surcharge', 'double'), ('total_amount', 'double'), ('congestion_surcharge', 'double'), ('airport_fee', 'double')]"
140,yellow_2020-09.parquet,"[('VendorID', 'bigint'), ('tpep_pickup_datetime', 'timestamp'), ('tpep_dropoff_datetime', 'timestamp'), ('passenger_count', 'double'), ('trip_distance', 'double'), ('RatecodeID', 'double'), ('store_and_fwd_flag', 'string'), ('PULocationID', 'bigint'), ('DOLocationID', 'bigint'), ('payment_type', 'bigint'), ('fare_amount', 'double'), ('extra', 'double'), ('mta_tax', 'double'), ('tip_amount', 'double'), ('tolls_amount', 'double'), ('improvement_surcharge', 'double'), ('total_amount', 'double'), ('congestion_surcharge', 'double'), ('airport_fee', 'double')]"
141,yellow_2020-10.parquet,"[('VendorID', 'bigint'), ('tpep_pickup_datetime', 'timestamp'), ('tpep_dropoff_datetime', 'timestamp'), ('passenger_count', 'double'), ('trip_distance', 'double'), ('RatecodeID', 'double'), ('store_and_fwd_flag', 'string'), ('PULocationID', 'bigint'), ('DOLocationID', 'bigint'), ('payment_type', 'bigint'), ('fare_amount', 'double'), ('extra', 'double'), ('mta_tax', 'double'), ('tip_amount', 'double'), ('tolls_amount', 'double'), ('improvement_surcharge', 'double'), ('total_amount', 'double'), ('congestion_surcharge', 'double'), ('airport_fee', 'int')]"
142,yellow_2020-11.parquet,"[('VendorID', 'bigint'), ('tpep_pickup_datetime', 'timestamp'), ('tpep_dropoff_datetime', 'timestamp'), ('passenger_count', 'double'), ('trip_distance', 'double'), ('RatecodeID', 'double'), ('store_and_fwd_flag', 'string'), ('PULocationID', 'bigint'), ('DOLocationID', 'bigint'), ('payment_type', 'bigint'), ('fare_amount', 'double'), ('extra', 'double'), ('mta_tax', 'double'), ('tip_amount', 'double'), ('tolls_amount', 'double'), ('improvement_surcharge', 'double'), ('total_amount', 'double'), ('congestion_surcharge', 'double'), ('airport_fee', 'double')]"
143,yellow_2020-12.parquet,"[('VendorID', 'bigint'), ('tpep_pickup_datetime', 'timestamp'), ('tpep_dropoff_datetime', 'timestamp'), ('passenger_count', 'double'), ('trip_distance', 'double'), ('RatecodeID', 'double'), ('store_and_fwd_flag', 'string'), ('PULocationID', 'bigint'), ('DOLocationID', 'bigint'), ('payment_type', 'bigint'), ('fare_amount', 'double'), ('extra', 'double'), ('mta_tax', 'double'), ('tip_amount', 'double'), ('tolls_amount', 'double'), ('improvement_surcharge', 'double'), ('total_amount', 'double'), ('congestion_surcharge', 'double'), ('airport_fee', 'double')]"
144,yellow_2021-01.parquet,"[('VendorID', 'bigint'), ('tpep_pickup_datetime', 'timestamp'), ('tpep_dropoff_datetime', 'timestamp'), ('passenger_count', 'double'), ('trip_distance', 'double'), ('RatecodeID', 'double'), ('store_and_fwd_flag', 'string'), ('PULocationID', 'bigint'), ('DOLocationID', 'bigint'), ('payment_type', 'bigint'), ('fare_amount', 'double'), ('extra', 'double'), ('mta_tax', 'double'), ('tip_amount', 'double'), ('tolls_amount', 'double'), ('improvement_surcharge', 'double'), ('total_amount', 'double'), ('congestion_surcharge', 'double'), ('airport_fee', 'double')]"
145,yellow_2021-02.parquet,"[('VendorID', 'bigint'), ('tpep_pickup_datetime', 'timestamp'), ('tpep_dropoff_datetime', 'timestamp'), ('passenger_count', 'double'), ('trip_distance', 'double'), ('RatecodeID', 'double'), ('store_and_fwd_flag', 'string'), ('PULocationID', 'bigint'), ('DOLocationID', 'bigint'), ('payment_type', 'bigint'), ('fare_amount', 'double'), ('extra', 'double'), ('mta_tax', 'double'), ('tip_amount', 'double'), ('tolls_amount', 'double'), ('improvement_surcharge', 'double'), ('total_amount', 'double'), ('congestion_surcharge', 'double'), ('airport_fee', 'double')]"
146,yellow_2021-03.parquet,"[('VendorID', 'bigint'), ('tpep_pickup_datetime', 'timestamp'), ('tpep_dropoff_datetime', 'timestamp'), ('passenger_count', 'double'), ('trip_distance', 'double'), ('RatecodeID', 'double'), ('store_and_fwd_flag', 'string'), ('PULocationID', 'bigint'), ('DOLocationID', 'bigint'), ('payment_type', 'bigint'), ('fare_amount', 'double'), ('extra', 'double'), ('mta_tax', 'double'), ('tip_amount', 'double'), ('tolls_amount', 'double'), ('improvement_surcharge', 'double'), ('total_amount', 'double'), ('congestion_surcharge', 'double'), ('airport_fee', 'double')]"
147,yellow_2021-04.parquet,"[('VendorID', 'bigint'), ('tpep_pickup_datetime', 'timestamp'), ('tpep_dropoff_datetime', 'timestamp'), ('passenger_count', 'double'), ('trip_distance', 'double'), ('RatecodeID', 'double'), ('store_and_fwd_flag', 'string'), ('PULocationID', 'bigint'), ('DOLocationID', 'bigint'), ('payment_type', 'bigint'), ('fare_amount', 'double'), ('extra', 'double'), ('mta_tax', 'double'), ('tip_amount', 'double'), ('tolls_amount', 'double'), ('improvement_surcharge', 'double'), ('total_amount', 'double'), ('congestion_surcharge', 'double'), ('airport_fee', 'double')]"
148,yellow_2021-05.parquet,"[('VendorID', 'bigint'), ('tpep_pickup_datetime', 'timestamp'), ('tpep_dropoff_datetime', 'timestamp'), ('passenger_count', 'double'), ('trip_distance', 'double'), ('RatecodeID', 'double'), ('store_and_fwd_flag', 'string'), ('PULocationID', 'bigint'), ('DOLocationID', 'bigint'), ('payment_type', 'bigint'), ('fare_amount', 'double'), ('extra', 'double'), ('mta_tax', 'double'), ('tip_amount', 'double'), ('tolls_amount', 'double'), ('improvement_surcharge', 'double'), ('total_amount', 'double'), ('congestion_surcharge', 'double'), ('airport_fee', 'double')]"
149,yellow_2021-06.parquet,"[('VendorID', 'bigint'), ('tpep_pickup_datetime', 'timestamp'), ('tpep_dropoff_datetime', 'timestamp'), ('passenger_count', 'double'), ('trip_distance', 'double'), ('RatecodeID', 'double'), ('store_and_fwd_flag', 'string'), ('PULocationID', 'bigint'), ('DOLocationID', 'bigint'), ('payment_type', 'bigint'), ('fare_amount', 'double'), ('extra', 'double'), ('mta_tax', 'double'), ('tip_amount', 'double'), ('tolls_amount', 'double'), ('improvement_surcharge', 'double'), ('total_amount', 'double'), ('congestion_surcharge', 'double'), ('airport_fee', 'double')]"
150,yellow_2021-07.parquet,"[('VendorID', 'bigint'), ('tpep_pickup_datetime', 'timestamp'), ('tpep_dropoff_datetime', 'timestamp'), ('passenger_count', 'double'), ('trip_distance', 'double'), ('RatecodeID', 'double'), ('store_and_fwd_flag', 'string'), ('PULocationID', 'bigint'), ('DOLocationID', 'bigint'), ('payment_type', 'bigint'), ('fare_amount', 'double'), ('extra', 'double'), ('mta_tax', 'double'), ('tip_amount', 'double'), ('tolls_amount', 'double'), ('improvement_surcharge', 'double'), ('total_amount', 'double'), ('congestion_surcharge', 'double'), ('airport_fee', 'double')]"
151,yellow_2021-08.parquet,"[('VendorID', 'bigint'), ('tpep_pickup_datetime', 'timestamp'), ('tpep_dropoff_datetime', 'timestamp'), ('passenger_count', 'double'), ('trip_distance', 'double'), ('RatecodeID', 'double'), ('store_and_fwd_flag', 'string'), ('PULocationID', 'bigint'), ('DOLocationID', 'bigint'), ('payment_type', 'bigint'), ('fare_amount', 'double'), ('extra', 'double'), ('mta_tax', 'double'), ('tip_amount', 'double'), ('tolls_amount', 'double'), ('improvement_surcharge', 'double'), ('total_amount', 'double'), ('congestion_surcharge', 'double'), ('airport_fee', 'double')]"
152,yellow_2021-09.parquet,"[('VendorID', 'bigint'), ('tpep_pickup_datetime', 'timestamp'), ('tpep_dropoff_datetime', 'timestamp'), ('passenger_count', 'double'), ('trip_distance', 'double'), ('RatecodeID', 'double'), ('store_and_fwd_flag', 'string'), ('PULocationID', 'bigint'), ('DOLocationID', 'bigint'), ('payment_type', 'bigint'), ('fare_amount', 'double'), ('extra', 'double'), ('mta_tax', 'double'), ('tip_amount', 'double'), ('tolls_amount', 'double'), ('improvement_surcharge', 'double'), ('total_amount', 'double'), ('congestion_surcharge', 'double'), ('airport_fee', 'double')]"
153,yellow_2021-10.parquet,"[('VendorID', 'bigint'), ('tpep_pickup_datetime', 'timestamp'), ('tpep_dropoff_datetime', 'timestamp'), ('passenger_count', 'double'), ('trip_distance', 'double'), ('RatecodeID', 'double'), ('store_and_fwd_flag', 'string'), ('PULocationID', 'bigint'), ('DOLocationID', 'bigint'), ('payment_type', 'bigint'), ('fare_amount', 'double'), ('extra', 'double'), ('mta_tax', 'double'), ('tip_amount', 'double'), ('tolls_amount', 'double'), ('improvement_surcharge', 'double'), ('total_amount', 'double'), ('congestion_surcharge', 'double'), ('airport_fee', 'double')]"
154,yellow_2021-11.parquet,"[('VendorID', 'bigint'), ('tpep_pickup_datetime', 'timestamp'), ('tpep_dropoff_datetime', 'timestamp'), ('passenger_count', 'double'), ('trip_distance', 'double'), ('RatecodeID', 'double'), ('store_and_fwd_flag', 'string'), ('PULocationID', 'bigint'), ('DOLocationID', 'bigint'), ('payment_type', 'bigint'), ('fare_amount', 'double'), ('extra', 'double'), ('mta_tax', 'double'), ('tip_amount', 'double'), ('tolls_amount', 'double'), ('improvement_surcharge', 'double'), ('total_amount', 'double'), ('congestion_surcharge', 'double'), ('airport_fee', 'double')]"
155,yellow_2021-12.parquet,"[('VendorID', 'bigint'), ('tpep_pickup_datetime', 'timestamp'), ('tpep_dropoff_datetime', 'timestamp'), ('passenger_count', 'double'), ('trip_distance', 'double'), ('RatecodeID', 'double'), ('store_and_fwd_flag', 'string'), ('PULocationID', 'bigint'), ('DOLocationID', 'bigint'), ('payment_type', 'bigint'), ('fare_amount', 'double'), ('extra', 'double'), ('mta_tax', 'double'), ('tip_amount', 'double'), ('tolls_amount', 'double'), ('improvement_surcharge', 'double'), ('total_amount', 'double'), ('congestion_surcharge', 'double'), ('airport_fee', 'double')]"
156,yellow_2022-01.parquet,"[('VendorID', 'bigint'), ('tpep_pickup_datetime', 'timestamp'), ('tpep_dropoff_datetime', 'timestamp'), ('passenger_count', 'double'), ('trip_distance', 'double'), ('RatecodeID', 'double'), ('store_and_fwd_flag', 'string'), ('PULocationID', 'bigint'), ('DOLocationID', 'bigint'), ('payment_type', 'bigint'), ('fare_amount', 'double'), ('extra', 'double'), ('mta_tax', 'double'), ('tip_amount', 'double'), ('tolls_amount', 'double'), ('improvement_surcharge', 'double'), ('total_amount', 'double'), ('congestion_surcharge', 'double'), ('airport_fee', 'double')]"
157,yellow_2022-02.parquet,"[('VendorID', 'bigint'), ('tpep_pickup_datetime', 'timestamp'), ('tpep_dropoff_datetime', 'timestamp'), ('passenger_count', 'double'), ('trip_distance', 'double'), ('RatecodeID', 'double'), ('store_and_fwd_flag', 'string'), ('PULocationID', 'bigint'), ('DOLocationID', 'bigint'), ('payment_type', 'bigint'), ('fare_amount', 'double'), ('extra', 'double'), ('mta_tax', 'double'), ('tip_amount', 'double'), ('tolls_amount', 'double'), ('improvement_surcharge', 'double'), ('total_amount', 'double'), ('congestion_surcharge', 'double'), ('airport_fee', 'double')]"
158,yellow_2022-03.parquet,"[('VendorID', 'bigint'), ('tpep_pickup_datetime', 'timestamp'), ('tpep_dropoff_datetime', 'timestamp'), ('passenger_count', 'double'), ('trip_distance', 'double'), ('RatecodeID', 'double'), ('store_and_fwd_flag', 'string'), ('PULocationID', 'bigint'), ('DOLocationID', 'bigint'), ('payment_type', 'bigint'), ('fare_amount', 'double'), ('extra', 'double'), ('mta_tax', 'double'), ('tip_amount', 'double'), ('tolls_amount', 'double'), ('improvement_surcharge', 'double'), ('total_amount', 'double'), ('congestion_surcharge', 'double'), ('airport_fee', 'double')]"
159,yellow_2022-04.parquet,"[('VendorID', 'bigint'), ('tpep_pickup_datetime', 'timestamp'), ('tpep_dropoff_datetime', 'timestamp'), ('passenger_count', 'double'), ('trip_distance', 'double'), ('RatecodeID', 'double'), ('store_and_fwd_flag', 'string'), ('PULocationID', 'bigint'), ('DOLocationID', 'bigint'), ('payment_type', 'bigint'), ('fare_amount', 'double'), ('extra', 'double'), ('mta_tax', 'double'), ('tip_amount', 'double'), ('tolls_amount', 'double'), ('improvement_surcharge', 'double'), ('total_amount', 'double'), ('congestion_surcharge', 'double'), ('airport_fee', 'double')]"
160,yellow_2022-05.parquet,"[('VendorID', 'bigint'), ('tpep_pickup_datetime', 'timestamp'), ('tpep_dropoff_datetime', 'timestamp'), ('passenger_count', 'double'), ('trip_distance', 'double'), ('RatecodeID', 'double'), ('store_and_fwd_flag', 'string'), ('PULocationID', 'bigint'), ('DOLocationID', 'bigint'), ('payment_type', 'bigint'), ('fare_amount', 'double'), ('extra', 'double'), ('mta_tax', 'double'), ('tip_amount', 'double'), ('tolls_amount', 'double'), ('improvement_surcharge', 'double'), ('total_amount', 'double'), ('congestion_surcharge', 'double'), ('airport_fee', 'double')]"
161,yellow_2022-06.parquet,"[('VendorID', 'bigint'), ('tpep_pickup_datetime', 'timestamp'), ('tpep_dropoff_datetime', 'timestamp'), ('passenger_count', 'double'), ('trip_distance', 'double'), ('RatecodeID', 'double'), ('store_and_fwd_flag', 'string'), ('PULocationID', 'bigint'), ('DOLocationID', 'bigint'), ('payment_type', 'bigint'), ('fare_amount', 'double'), ('extra', 'double'), ('mta_tax', 'double'), ('tip_amount', 'double'), ('tolls_amount', 'double'), ('improvement_surcharge', 'double'), ('total_amount', 'double'), ('congestion_surcharge', 'double'), ('airport_fee', 'double')]"
162,yellow_2022-07.parquet,"[('VendorID', 'bigint'), ('tpep_pickup_datetime', 'timestamp'), ('tpep_dropoff_datetime', 'timestamp'), ('passenger_count', 'double'), ('trip_distance', 'double'), ('RatecodeID', 'double'), ('store_and_fwd_flag', 'string'), ('PULocationID', 'bigint'), ('DOLocationID', 'bigint'), ('payment_type', 'bigint'), ('fare_amount', 'double'), ('extra', 'double'), ('mta_tax', 'double'), ('tip_amount', 'double'), ('tolls_amount', 'double'), ('improvement_surcharge', 'double'), ('total_amount', 'double'), ('congestion_surcharge', 'double'), ('airport_fee', 'double')]"
163,yellow_2022-08.parquet,"[('VendorID', 'bigint'), ('tpep_pickup_datetime', 'timestamp'), ('tpep_dropoff_datetime', 'timestamp'), ('passenger_count', 'double'), ('trip_distance', 'double'), ('RatecodeID', 'double'), ('store_and_fwd_flag', 'string'), ('PULocationID', 'bigint'), ('DOLocationID', 'bigint'), ('payment_type', 'bigint'), ('fare_amount', 'double'), ('extra', 'double'), ('mta_tax', 'double'), ('tip_amount', 'double'), ('tolls_amount', 'double'), ('improvement_surcharge', 'double'), ('total_amount', 'double'), ('congestion_surcharge', 'double'), ('airport_fee', 'double')]"
164,yellow_2022-09.parquet,"[('VendorID', 'bigint'), ('tpep_pickup_datetime', 'timestamp'), ('tpep_dropoff_datetime', 'timestamp'), ('passenger_count', 'double'), ('trip_distance', 'double'), ('RatecodeID', 'double'), ('store_and_fwd_flag', 'string'), ('PULocationID', 'bigint'), ('DOLocationID', 'bigint'), ('payment_type', 'bigint'), ('fare_amount', 'double'), ('extra', 'double'), ('mta_tax', 'double'), ('tip_amount', 'double'), ('tolls_amount', 'double'), ('improvement_surcharge', 'double'), ('total_amount', 'double'), ('congestion_surcharge', 'double'), ('airport_fee', 'double')]"
165,yellow_2022-10.parquet,"[('VendorID', 'bigint'), ('tpep_pickup_datetime', 'timestamp'), ('tpep_dropoff_datetime', 'timestamp'), ('passenger_count', 'double'), ('trip_distance', 'double'), ('RatecodeID', 'double'), ('store_and_fwd_flag', 'string'), ('PULocationID', 'bigint'), ('DOLocationID', 'bigint'), ('payment_type', 'bigint'), ('fare_amount', 'double'), ('extra', 'double'), ('mta_tax', 'double'), ('tip_amount', 'double'), ('tolls_amount', 'double'), ('improvement_surcharge', 'double'), ('total_amount', 'double'), ('congestion_surcharge', 'double'), ('airport_fee', 'double')]"
166,yellow_2022-11.parquet,"[('VendorID', 'bigint'), ('tpep_pickup_datetime', 'timestamp'), ('tpep_dropoff_datetime', 'timestamp'), ('passenger_count', 'double'), ('trip_distance', 'double'), ('RatecodeID', 'double'), ('store_and_fwd_flag', 'string'), ('PULocationID', 'bigint'), ('DOLocationID', 'bigint'), ('payment_type', 'bigint'), ('fare_amount', 'double'), ('extra', 'double'), ('mta_tax', 'double'), ('tip_amount', 'double'), ('tolls_amount', 'double'), ('improvement_surcharge', 'double'), ('total_amount', 'double'), ('congestion_surcharge', 'double'), ('airport_fee', 'double')]"
